fiscal_year,rank,recipient_name,recipient_uei,obligations
2021,1,PFIZER INC,MHBQULRMEEJ5,13320343916.47
2021,2,LOCKHEED MARTIN CORPORATION,G4KDGE4JFFK7,10552578708.19
2021,3,"OPTUM PUBLIC SECTOR SOLUTIONS, INC.",XMUZGJN98231,8873807086.04
2021,4,ELECTRIC BOAT CORPORATION,E7BEKJ4V9528,8680217652.07
2021,5,MCKESSON CORPORATION,S1RUKWWRYFL6,7666924229.82
2021,6,"MODERNATX, INC.",WJYNZ8AK2D47,7355705232.66
2021,7,THE BOEING COMPANY,WZWRLY4G3PL8,7296609401.29
2021,8,HUMANA GOVERNMENT BUSINESS INC,ZE6ZM6NKSV43,7144989965.72
2021,9,TRIWEST HEALTHCARE ALLIANCE CORP,J7M9HPTGJ1S9,6738577676.67
2021,10,THE BOEING COMPANY,JJM4FRDZJDX1,5993540941.45
2021,11,RAYTHEON COMPANY,VTEWM5QSE598,5906908641.19
2021,12,REGENERON PHARMACEUTICALS INC,N3F9MH7E6HD6,5565148228.56
2021,13,BOOZ ALLEN HAMILTON INC,JCBMLGPE6Z71,5062134201.78
2021,14,SIKORSKY AIRCRAFT CORPORATION,UTJWTSLMFNG4,4940112362.0
2021,15,LOCKHEED MARTIN CORPORATION,XFJMYSYFJEK4,4668906591.53
2021,16,"NATIONAL TECHNOLOGY & ENGINEERING SOLUTIONS OF SANDIA, LLC",LUJEPCRRT377,4265778108.27
2021,17,"TRIAD NATIONAL SECURITY, LLC",X7WUS5LRBQU3,3955937323.52
2021,18,RTX CORPORATION,QN1BCFY7JDJ5,3701330806.69
2021,19,HUNTINGTON INGALLS INC,WMXDDH6HJNA5,3632827749.84
2021,20,SCIENCE APPLICATIONS INTERNATIONAL CORPORATION,MMLKPW9JLX64,3303269463.3
2021,21,"HEALTH NET FEDERAL SERVICES, LLC",F7NGF6NJFB96,3229225270.07
2021,22,"FLUOR MARINE PROPULSION, LLC",CWHMVCX7K1N6,3053730430.75
2021,23,MCKESSON CORPORATION,JTAPCFM4NSL4,2968325418.91
2021,24,"ATLANTIC DIVING SUPPLY, INC.",GJMSFBCNMSK3,2900632435.5
2021,25,LOCKHEED MARTIN CORPORATION,H7PNSVNN5827,2872226321.24
2021,26,"LAWRENCE LIVERMORE NATIONAL SECURITY, LLC",PM52LCJH72T9,2755442803.98
2021,27,LOCKHEED MARTIN CORP,FYHNA5WC8XD7,2705890031.84
2021,28,THE BOEING COMPANY,SML4NN2CT556,2691035626.65
2021,29,"CONSOLIDATED NUCLEAR SECURITY, LLC",EWV8QKG1JUV7,2607717754.17
2021,30,ACCENTURE FEDERAL SERVICES LLC,C47BNA8GM833,2516719171.3
2021,31,GENERAL DYNAMICS LAND SYSTEMS INC.,HAWKSQF848W7,2512169693.24
2021,32,BELL BOEING JOINT PROJECT OFFICE,JHFZTG8ZC9V2,2471926026.62
2021,33,DELOITTE CONSULTING LLP,CKV2L9GZKJK3,2399356044.38
2021,34,LOCKHEED MARTIN CORP,SJDEB3MKJEW5,2374201693.79
2021,35,"GENERAL DYNAMICS INFORMATION TECHNOLOGY, INC.",SMNWM6HN79X5,2355112845.12
2021,36,UT-BATTELLE LLC,ZLHJJ57QA2H8,2267030779.96
2021,37,CALIFORNIA INSTITUTE OF TECHNOLOGY,YC1YP79BFD19,2252563568.96
2021,38,LOCKHEED MARTIN CORPORATION,HJP4JZG1FUL9,2163099056.07
2021,39,OSHKOSH DEFENSE LLC,ZMXAHH8M8VL8,2158630235.87
2021,40,AMERISOURCEBERGEN DRUG CORP,KABZK8W6PQT3,2082410643.88
2021,41,HUNTINGTON INGALLS INCORPORATED,C3NLZNSMU254,2036120880.15
2021,42,"BECHTEL PLANT MACHINERY, INC.",MTKMVNVK1MH6,2000472774.0
2021,43,GENERAL ELECTRIC COMPANY,E3HYKKLT5ZT1,1990314867.87
2021,44,"GENERAL ATOMICS AERONAUTICAL SYSTEMS, INC.",ZH4NVFG3Z526,1953672425.5
2021,45,LOCKHEED MARTIN CORP,CQWLW9XRQTH5,1951880075.82
2021,46,"LEIDOS, INC.",UE9QJD4KK1L6,1948235897.15
2021,47,ELI LILLY AND COMPANY,UHHVNTY54K68,1913730000.0
2021,48,ABBOTT RAPID DX NORTH AMERICA LLC,P782RNU1NNK3,1788569706.06
2021,49,RAYTHEON COMPANY,XSV6AZJ6SDJ7,1779980182.98
2021,50,LOCKHEED MARTIN CORPORATION,CWM4UN76ZQW8,1767828889.65
2022,1,LOCKHEED MARTIN CORPORATION,G4KDGE4JFFK7,17046093391.68
2022,2,PFIZER INC,MHBQULRMEEJ5,16670420204.64
2022,3,"OPTUM PUBLIC SECTOR SOLUTIONS, INC.",XMUZGJN98231,14525102355.09
2022,4,ELECTRIC BOAT CORPORATION,E7BEKJ4V9528,9426835904.21
2022,5,MCKESSON CORPORATION,S1RUKWWRYFL6,8364899572.95
2022,6,RTX CORPORATION,QN1BCFY7JDJ5,7982634805.06
2022,7,HUMANA GOVERNMENT BUSINESS INC,ZE6ZM6NKSV43,7739712977.71
2022,8,TRIWEST HEALTHCARE ALLIANCE CORP,J7M9HPTGJ1S9,7382751989.1
2022,9,RAYTHEON COMPANY,VTEWM5QSE598,7351535131.56
2022,10,LOCKHEED MARTIN CORPORATION,XFJMYSYFJEK4,7066100340.85
2022,11,BOOZ ALLEN HAMILTON INC,JCBMLGPE6Z71,5625237012.83
2022,12,"NATIONAL TECHNOLOGY & ENGINEERING SOLUTIONS OF SANDIA, LLC",LUJEPCRRT377,4311822808.01
2022,13,"GENERAL DYNAMICS INFORMATION TECHNOLOGY, INC.",SMNWM6HN79X5,4094863178.37
2022,14,"TRIAD NATIONAL SECURITY, LLC",X7WUS5LRBQU3,3963962407.97
2022,15,GENERAL DYNAMICS LAND SYSTEMS INC.,HAWKSQF848W7,3954276191.28
2022,16,THE BOEING COMPANY,WZWRLY4G3PL8,3899174688.84
2022,17,SCIENCE APPLICATIONS INTERNATIONAL CORPORATION,MMLKPW9JLX64,3853597856.88
2022,18,"CONSOLIDATED NUCLEAR SECURITY, LLC",EWV8QKG1JUV7,3816510788.83
2022,19,"FLUOR MARINE PROPULSION, LLC",CWHMVCX7K1N6,3571465424.09
2022,20,"HEALTH NET FEDERAL SERVICES, LLC",F7NGF6NJFB96,3530805878.37
2022,21,LOCKHEED MARTIN CORP,FYHNA5WC8XD7,3479078639.18
2022,22,SIKORSKY AIRCRAFT CORPORATION,UTJWTSLMFNG4,3445168140.63
2022,23,THE BOEING COMPANY,JJM4FRDZJDX1,3367092984.54
2022,24,"ATLANTIC DIVING SUPPLY, INC.",GJMSFBCNMSK3,3144938464.09
2022,25,HUNTINGTON INGALLS INC,WMXDDH6HJNA5,2967123121.13
2022,26,MCKESSON CORPORATION,JTAPCFM4NSL4,2913488732.42
2022,27,"LAWRENCE LIVERMORE NATIONAL SECURITY, LLC",PM52LCJH72T9,2801085581.98
2022,28,ELI LILLY AND COMPANY,UHHVNTY54K68,2752650000.0
2022,29,"LEIDOS, INC.",UE9QJD4KK1L6,2721521645.24
2022,30,ACCENTURE FEDERAL SERVICES LLC,C47BNA8GM833,2706417045.53
2022,31,DELOITTE CONSULTING LLP,CKV2L9GZKJK3,2615042095.69
2022,32,CALIFORNIA INSTITUTE OF TECHNOLOGY,YC1YP79BFD19,2562723921.23
2022,33,UT-BATTELLE LLC,ZLHJJ57QA2H8,2469183699.41
2022,34,OKINAWA IDEMITSU K.K.,JA8GWB6NWKC5,2375103685.54
2022,35,NATIONAL STEEL AND SHIPBUILDING COMPANY,Q85KVUK3JBF5,2238888587.11
2022,36,"CADDELL CONSTRUCTION CO. (DE), LLC",ELJMJND6DDF3,2227126852.51
2022,37,"KBR SERVICES, LLC",YSQMHRS4HSC5,2127136495.69
2022,38,"BECHTEL PLANT MACHINERY, INC.",MTKMVNVK1MH6,2119405964.0
2022,39,SPACE EXPLORATION TECHNOLOGIES CORP.,C6M7C2FLKER5,2117355370.09
2022,40,LOCKHEED MARTIN CORPORATION,HJP4JZG1FUL9,2101143401.37
2022,41,NORTHROP GRUMMAN SYSTEMS CORP,D8QQPFNYJD63,2028271242.35
2022,42,SAVANNAH RIVER NUCLEAR SOLUTIONS LLC,XLQ7CKUSQSD5,2011510110.96
2022,43,"ORACLE HEALTH GOVERNMENT SERVICES, INC.",DT2KS3HH5FP5,2002066402.98
2022,44,AMERISOURCEBERGEN DRUG CORP,KABZK8W6PQT3,1996287982.94
2022,45,THE BOEING COMPANY,SML4NN2CT556,1988123702.55
2022,46,"HONEYWELL FEDERAL MANUFACTURING & TECHNOLOGIES, LLC",DMEGBYTVBQS5,1957191418.62
2022,47,"GENERAL ATOMICS AERONAUTICAL SYSTEMS, INC.",ZH4NVFG3Z526,1939784523.2
2022,48,ABBOTT RAPID DX NORTH AMERICA LLC,P782RNU1NNK3,1937456840.63
2022,49,BELL BOEING JOINT PROJECT OFFICE,JHFZTG8ZC9V2,1893163222.21
2022,50,LOCKHEED MARTIN CORPORATION,H7PNSVNN5827,1868848341.06
2023,1,LOCKHEED MARTIN CORPORATION,G4KDGE4JFFK7,32458309889.61
2023,2,"OPTUM PUBLIC SECTOR SOLUTIONS, INC.",XMUZGJN98231,16220323256.27
2023,3,ELECTRIC BOAT CORPORATION,E7BEKJ4V9528,10832262197.66
2023,4,MCKESSON CORPORATION,S1RUKWWRYFL6,9529383500.37
2023,5,LOCKHEED MARTIN CORPORATION,XFJMYSYFJEK4,8704271339.97
2023,6,RTX CORPORATION,QN1BCFY7JDJ5,8221763120.47
2023,7,TRIWEST HEALTHCARE ALLIANCE CORP,J7M9HPTGJ1S9,7984754268.12
2023,8,THE BOEING COMPANY,JJM4FRDZJDX1,7812469739.21
2023,9,HUMANA GOVERNMENT BUSINESS INC,ZE6ZM6NKSV43,7779551423.4
2023,10,RAYTHEON COMPANY,VTEWM5QSE598,7591584999.55
2023,11,BOOZ ALLEN HAMILTON INC,JCBMLGPE6Z71,6471401386.65
2023,12,HUNTINGTON INGALLS INCORPORATED,C3NLZNSMU254,5943848024.98
2023,13,SIKORSKY AIRCRAFT CORPORATION,UTJWTSLMFNG4,5346374672.29
2023,14,"NATIONAL TECHNOLOGY & ENGINEERING SOLUTIONS OF SANDIA, LLC",LUJEPCRRT377,4699978216.61
2023,15,"TRIAD NATIONAL SECURITY, LLC",X7WUS5LRBQU3,4578543066.01
2023,16,"ATLANTIC DIVING SUPPLY, INC.",GJMSFBCNMSK3,4554276449.59
2023,17,AMERISOURCEBERGEN DRUG CORP,KABZK8W6PQT3,4379237685.65
2023,18,SCIENCE APPLICATIONS INTERNATIONAL CORPORATION,MMLKPW9JLX64,4364869482.91
2023,19,"GENERAL DYNAMICS INFORMATION TECHNOLOGY, INC.",SMNWM6HN79X5,4281060916.66
2023,20,"HEALTH NET FEDERAL SERVICES, LLC",F7NGF6NJFB96,3601081143.53
2023,21,"FLUOR MARINE PROPULSION, LLC",CWHMVCX7K1N6,3543725474.21
2023,22,GENERAL DYNAMICS LAND SYSTEMS INC.,HAWKSQF848W7,3523195501.64
2023,23,LOCKHEED MARTIN CORP,FYHNA5WC8XD7,3343036454.17
2023,24,"CONSOLIDATED NUCLEAR SECURITY, LLC",EWV8QKG1JUV7,3329130100.56
2023,25,THE BOEING COMPANY,WZWRLY4G3PL8,3318409317.24
2023,26,HUNTINGTON INGALLS INC,WMXDDH6HJNA5,3183330921.73
2023,27,LOCKHEED MARTIN CORPORATION,H7PNSVNN5827,3093945141.28
2023,28,"LAWRENCE LIVERMORE NATIONAL SECURITY, LLC",PM52LCJH72T9,2966113061.61
2023,29,ACCENTURE FEDERAL SERVICES LLC,C47BNA8GM833,2946875981.86
2023,30,DELOITTE CONSULTING LLP,CKV2L9GZKJK3,2901912103.09
2023,31,NORTHROP GRUMMAN SYSTEMS CORP,D8QQPFNYJD63,2873689908.74
2023,32,CALIFORNIA INSTITUTE OF TECHNOLOGY,YC1YP79BFD19,2745722790.58
2023,33,UT-BATTELLE LLC,ZLHJJ57QA2H8,2712833476.08
2023,34,"LEIDOS, INC.",UE9QJD4KK1L6,2608097576.66
2023,35,SAVANNAH RIVER NUCLEAR SOLUTIONS LLC,XLQ7CKUSQSD5,2539872121.68
2023,36,"AMENTUM SERVICES, INC.",QEMLRQA7PLG4,2493037012.38
2023,37,THE BOEING COMPANY,LAJJQWA1PF31,2482160379.23
2023,38,LOCKHEED MARTIN CORP,SJDEB3MKJEW5,2454279226.86
2023,39,SPACE EXPLORATION TECHNOLOGIES CORP.,C6M7C2FLKER5,2427165198.24
2023,40,OKINAWA IDEMITSU K.K.,JA8GWB6NWKC5,2411867362.77
2023,41,GENERAL ELECTRIC COMPANY,E3HYKKLT5ZT1,2304953780.97
2023,42,"CACI, INC. - FEDERAL",N3PBJAVNKF61,2271080462.12
2023,43,"BATTELLE ENERGY ALLIANCE, LLC",HG7XL5RBNX55,2234871133.69
2023,44,RAYTHEON COMPANY,XSV6AZJ6SDJ7,2232063745.76
2023,45,BAE SYSTEMS LAND & ARMAMENTS L.P.,DMHSJF9K3XP9,2146217419.15
2023,46,LOCKHEED MARTIN CORPORATION,CWM4UN76ZQW8,2128039226.22
2023,47,BATH IRON WORKS CORPORATION,FREEMCLKFXE3,2122566289.75
2023,48,V2X SYSTEMS LLC,RRFJZGASZJ41,2016302117.24
2023,49,THE JOHNS HOPKINS UNIVERSITY APPLIED PHYSICS LABORATORY LLC,C1HBCJ9RMBV3,1989369479.16
2023,50,NORTHROP GRUMMAN SYSTEMS CORPORATION,PK8PM2GNVMP8,1987020899.75
2024,1,"OPTUM PUBLIC SECTOR SOLUTIONS, INC.",XMUZGJN98231,20141580022.06
2024,2,LOCKHEED MARTIN CORPORATION,G4KDGE4JFFK7,14364116618.06
2024,3,MCKESSON CORPORATION,S1RUKWWRYFL6,9003907275.15
2024,4,THE BOEING COMPANY,JJM4FRDZJDX1,8599888294.4
2024,5,ELECTRIC BOAT CORPORATION,E7BEKJ4V9528,8584959335.3
2024,6,TRIWEST HEALTHCARE ALLIANCE CORP,J7M9HPTGJ1S9,8383006980.68
2024,7,HUMANA GOVERNMENT BUSINESS INC,ZE6ZM6NKSV43,8029206899.38
2024,8,RAYTHEON COMPANY,VTEWM5QSE598,7751503695.76
2024,9,LOCKHEED MARTIN CORPORATION,XFJMYSYFJEK4,7250485019.76
2024,10,BOOZ ALLEN HAMILTON INC,JCBMLGPE6Z71,7053806024.15
2024,11,AMERISOURCEBERGEN DRUG CORP,KABZK8W6PQT3,6091887709.41
2024,12,"TRIAD NATIONAL SECURITY, LLC",X7WUS5LRBQU3,5162951247.26
2024,13,RTX CORPORATION,QN1BCFY7JDJ5,5039155836.29
2024,14,"NATIONAL TECHNOLOGY & ENGINEERING SOLUTIONS OF SANDIA, LLC",LUJEPCRRT377,5011800882.83
2024,15,THE BOEING COMPANY,WZWRLY4G3PL8,4978236519.71
2024,16,LOCKHEED MARTIN CORPORATION,H7PNSVNN5827,4833655272.71
2024,17,"ATLANTIC DIVING SUPPLY, INC.",GJMSFBCNMSK3,4826046134.74
2024,18,"GENERAL DYNAMICS INFORMATION TECHNOLOGY, INC.",SMNWM6HN79X5,4825314545.48
2024,19,SIKORSKY AIRCRAFT CORPORATION,UTJWTSLMFNG4,4805539711.95
2024,20,SCIENCE APPLICATIONS INTERNATIONAL CORPORATION,MMLKPW9JLX64,4450548616.9
2024,21,HUNTINGTON INGALLS INCORPORATED,C3NLZNSMU254,3869713121.22
2024,22,"AMENTUM SERVICES, INC.",QEMLRQA7PLG4,3812049905.58
2024,23,"CONSOLIDATED NUCLEAR SECURITY, LLC",EWV8QKG1JUV7,3649011084.1
2024,24,HUNTINGTON INGALLS INC,WMXDDH6HJNA5,3581365013.35
2024,25,"HEALTH NET FEDERAL SERVICES, LLC",F7NGF6NJFB96,3545991795.3
2024,26,NORTHROP GRUMMAN SYSTEMS CORP,D8QQPFNYJD63,3486048164.7
2024,27,"FLUOR MARINE PROPULSION, LLC",CWHMVCX7K1N6,3467756235.35
2024,28,SPACE EXPLORATION TECHNOLOGIES CORP.,C6M7C2FLKER5,3400844010.0
2024,29,ACCENTURE FEDERAL SERVICES LLC,C47BNA8GM833,3371908368.25
2024,30,DELOITTE CONSULTING LLP,CKV2L9GZKJK3,3256031497.2
2024,31,"LAWRENCE LIVERMORE NATIONAL SECURITY, LLC",PM52LCJH72T9,3166514253.56
2024,32,RAYTHEON COMPANY,XSV6AZJ6SDJ7,3018670090.0
2024,33,"LEIDOS, INC.",UE9QJD4KK1L6,2997807269.07
2024,34,"CACI, INC. - FEDERAL",N3PBJAVNKF61,2782238530.28
2024,35,GENERAL DYNAMICS LAND SYSTEMS INC.,HAWKSQF848W7,2649485114.46
2024,36,ADVANCED TECHNOLOGY INTERNATIONAL,LDMMF472BB93,2620429999.21
2024,37,UT-BATTELLE LLC,ZLHJJ57QA2H8,2546284448.45
2024,38,LOCKHEED MARTIN CORP,FYHNA5WC8XD7,2461660572.28
2024,39,"GENERAL ATOMICS AERONAUTICAL SYSTEMS, INC.",ZH4NVFG3Z526,2316935164.08
2024,40,BAE SYSTEMS LAND & ARMAMENTS L.P.,DMHSJF9K3XP9,2301394809.96
2024,41,LOCKHEED MARTIN CORPORATION,CWM4UN76ZQW8,2262102775.27
2024,42,OKINAWA IDEMITSU K.K.,JA8GWB6NWKC5,2211820686.15
2024,43,"BECHTEL PLANT MACHINERY, INC.",MTKMVNVK1MH6,2181732373.0
2024,44,CALIFORNIA INSTITUTE OF TECHNOLOGY,YC1YP79BFD19,2175797851.68
2024,45,LOCKHEED MARTIN CORPORATION,HJP4JZG1FUL9,2163352099.32
2024,46,NORTHROP GRUMMAN SYSTEMS CORPORATION,PK8PM2GNVMP8,2103720079.94
2024,47,SAVANNAH RIVER NUCLEAR SOLUTIONS LLC,XLQ7CKUSQSD5,2102225621.11
2024,48,BATH IRON WORKS CORPORATION,FREEMCLKFXE3,2082161580.7
2024,49,THE JOHNS HOPKINS UNIVERSITY APPLIED PHYSICS LABORATORY LLC,C1HBCJ9RMBV3,2005236293.85
2024,50,PERATON INC.,ZBPQEJVECCT4,1984279148.31
2025,1,LOCKHEED MARTIN CORPORATION,G4KDGE4JFFK7,34094675624.06
2025,2,"OPTUM PUBLIC SECTOR SOLUTIONS, INC.",XMUZGJN98231,22490531833.8
2025,3,ELECTRIC BOAT CORPORATION,E7BEKJ4V9528,21366142819.4
2025,4,TRIWEST HEALTHCARE ALLIANCE CORP,J7M9HPTGJ1S9,13374744670.22
2025,5,MCKESSON CORPORATION,S1RUKWWRYFL6,11870480004.52
2025,6,RAYTHEON COMPANY,VTEWM5QSE598,10726486398.51
2025,7,LOCKHEED MARTIN CORPORATION,XFJMYSYFJEK4,10420319267.6
2025,8,AMERISOURCEBERGEN DRUG CORP,KABZK8W6PQT3,7442279749.8
2025,9,RTX CORPORATION,QN1BCFY7JDJ5,7280696848.45
2025,10,BOOZ ALLEN HAMILTON INC,JCBMLGPE6Z71,6593238379.31
2025,11,HUMANA GOVERNMENT BUSINESS INC,ZE6ZM6NKSV43,6513706438.99
2025,12,THE BOEING COMPANY,JJM4FRDZJDX1,6292920465.96
2025,13,LOCKHEED MARTIN CORPORATION,H7PNSVNN5827,6056139555.96
2025,14,"ATLANTIC DIVING SUPPLY, INC.",GJMSFBCNMSK3,5993552607.61
2025,15,"NATIONAL TECHNOLOGY & ENGINEERING SOLUTIONS OF SANDIA, LLC",LUJEPCRRT377,5673408173.92
2025,16,"TRIAD NATIONAL SECURITY, LLC",X7WUS5LRBQU3,5199738722.65
2025,17,SIKORSKY AIRCRAFT CORPORATION,UTJWTSLMFNG4,4831722056.27
2025,18,"GENERAL DYNAMICS INFORMATION TECHNOLOGY, INC.",SMNWM6HN79X5,4623098911.94
2025,19,SCIENCE APPLICATIONS INTERNATIONAL CORPORATION,MMLKPW9JLX64,4420840038.65
2025,20,THE BOEING COMPANY,WZWRLY4G3PL8,4373548603.34
2025,21,HUNTINGTON INGALLS INCORPORATED,C3NLZNSMU254,4370166805.06
2025,22,HUNTINGTON INGALLS INC,WMXDDH6HJNA5,4195762708.42
2025,23,"LAWRENCE LIVERMORE NATIONAL SECURITY, LLC",PM52LCJH72T9,3625335906.99
2025,24,"FLUOR MARINE PROPULSION, LLC",CWHMVCX7K1N6,3551315617.84
2025,25,"AMENTUM SERVICES, INC.",QEMLRQA7PLG4,3527323674.28
2025,26,"CACI, INC. - FEDERAL",N3PBJAVNKF61,3519758246.31
2025,27,RAYTHEON COMPANY,XSV6AZJ6SDJ7,3385092055.76
2025,28,ACCENTURE FEDERAL SERVICES LLC,C47BNA8GM833,3235465824.13
2025,29,BCCG A JOINT VENTURE,VNQTYNAV9C25,3127100299.0
2025,30,LOCKHEED MARTIN CORP,FYHNA5WC8XD7,3100606944.59
2025,31,"LEIDOS, INC.",UE9QJD4KK1L6,3037225603.16
2025,32,SPACE EXPLORATION TECHNOLOGIES CORP.,C6M7C2FLKER5,2999808160.19
2025,33,DELOITTE CONSULTING LLP,CKV2L9GZKJK3,2971961455.98
2025,34,QTC MEDICAL SERVICES INC,GN8YP96TMPK6,2886404915.81
2025,35,UT-BATTELLE LLC,ZLHJJ57QA2H8,2679775140.73
2025,36,LOCKHEED MARTIN CORP,SJDEB3MKJEW5,2583795462.9
2025,37,LOCKHEED MARTIN CORPORATION,CWM4UN76ZQW8,2538798064.36
2025,38,"CONSOLIDATED NUCLEAR SECURITY, LLC",EWV8QKG1JUV7,2537032357.81
2025,39,"OPTUMSERVE HEALTH SERVICES, INC.",G5XXLHZSW8X3,2535929719.91
2025,40,THE BOEING COMPANY,MF2LE5RK6L84,2452658394.99
2025,41,BATH IRON WORKS CORPORATION,FREEMCLKFXE3,2370441136.89
2025,42,THE JOHNS HOPKINS UNIVERSITY APPLIED PHYSICS LABORATORY LLC,C1HBCJ9RMBV3,2363755170.13
2025,43,RAYTHEON COMPANY,YD6LTFVUZNG1,2360503115.17
2025,44,CALIFORNIA INSTITUTE OF TECHNOLOGY,YC1YP79BFD19,2297095444.23
2025,45,THE BOEING COMPANY,UEGFHX6R6KJ1,2273652112.48
2025,46,"SIERRA NEVADA COMPANY, LLC",N1PWVLN6F4U1,2243556112.09
2025,47,BAE SYSTEMS LAND & ARMAMENTS L.P.,DMHSJF9K3XP9,2164547912.81
2025,48,"BECHTEL PLANT MACHINERY, INC.",MTKMVNVK1MH6,2144997042.0
2025,49,"HONEYWELL FEDERAL MANUFACTURING & TECHNOLOGIES, LLC",DMEGBYTVBQS5,2113530440.22
2025,50,PERATON INC.,ZBPQEJVECCT4,2091883629.55
