agency_name,w_0,s_0,w_1,s_1,dw,ds,within_effect,mix_effect,mix_effect_uncentred,interaction_effect,total_effect,base_period,latest_period
Department of Defense,0.6019913127633089,0.579986892979744,0.6305598127923169,0.5273240697137037,0.028568500029008015,-0.052662823266040326,-0.03170256211174574,-0.003510896491752448,0.016569355568916085,-0.001504497868003517,-0.03671795647150171,2024,2025
Department of Health and Human Services,0.04031124702582811,0.9077015001523991,0.027303558900748048,0.8847774341941632,-0.013007688125080064,-0.02292406595823593,-0.0009240976856788256,-0.002664242921548177,-0.011807098024649722,0.00029818910054349765,-0.0032901515066835053,2024,2025
Department of Veterans Affairs,0.09025655322994247,0.9215525342139804,0.10043258233564656,0.9222240355411091,0.010176029105704087,0.0006715013271286763,6.060739527596638e-05,0.002225209253229215,0.009377745410596827,6.833217049380332e-06,0.0022926498655545615,2024,2025
Department of Homeland Security,0.031861640669583316,0.8775191242856265,0.036340145647261485,0.9102773672547534,0.004478504977678169,0.03275824296912688,0.001043731366449225,0.0007821183058964775,0.003929973766120966,0.00014670795419722562,0.001972557626542928,2024,2025
Agency for International Development,0.010047581598323438,0.9681313799732999,0.0052568236280972295,0.9676279908750254,-0.004790757970226208,-0.0005033890982745204,-5.0578430406197e-06,-0.001270751010577294,-0.004638083124833184,2.4116153346836423e-06,-0.0012733972382832299,2024,2025
Department of Housing and Urban Development,0.0020588811769943556,0.2990014711959237,0.0,0.5605631263241738,-0.0020588811769943556,0.26156165512825014,0.0005385243683670433,0.000831539685176348,-0.0006156085009389072,-0.0005385243683670433,0.000831539685176348,2024,2025
Department of Agriculture,0.01565221635867999,0.9011037954852245,0.012272454450815975,0.890917094101193,-0.0033797619078640134,-0.010186701384031438,-0.00015944445404412496,-0.0006699463039782269,-0.0030455162830126457,3.4428625304535076e-05,-0.0007949621327178167,2024,2025
Department of the Interior,0.010960613249476713,0.9054764460451715,0.008405894892927073,0.8859779500546519,-0.0025547183565496397,-0.01949849599051967,-0.00021371547349855846,-0.0005175746455124595,-0.002313237298134929,4.9813165632090155e-05,-0.0006814769533789278,2024,2025
Department of State,0.015730556676997274,0.7639046227288132,0.012651934034628155,0.7338603309552795,-0.0030786226423691193,-0.030044291773533738,-0.0004726134345638154,-0.00018786911703698022,-0.0023517740681433643,9.249503692794523e-05,-0.0005679875146728504,2024,2025
Department of Justice,0.012686162343395422,0.8734101531357052,0.010941337244954566,0.8526343732987139,-0.0017448250984408564,-0.020775779836991304,-0.00026356491582271295,-0.00029754377899464667,-0.0015239479564242502,3.625010209926391e-05,-0.0005248585927180958,2024,2025
Department of Education,0.0036775231376886537,0.9795444182752125,0.0032094650697061314,0.91020348019256,-0.0004680580679825223,-0.06934093808265251,-0.0002550029041879909,-0.0001294946074321256,-0.00045848366792095973,3.245558551106204e-05,-0.0003520419261090545,2024,2025
National Aeronautics and Space Administration,0.020266062446789176,0.6453873917056109,0.020240426517829507,0.6602523779674007,-2.5635928959669152e-05,0.014864986261789781,0.0003012547398520949,1.4738986405651441e-06,-1.6545105325231208e-05,-3.8107773179370073e-07,0.00030234756076086635,2024,2025
Department of Energy,0.06214160704588859,0.966576617786906,0.0622618770013831,0.9695968011327054,0.00012026995549450914,0.0030201833457994542,0.00018767904668120676,3.1714676247480026e-05,0.00011625012680326435,3.6323731658455805e-07,0.00021975696024527133,2024,2025
Department of the Treasury,0.012539759428600344,0.8744073219375826,0.01097380091973289,0.8809551974649414,-0.0015659585088674544,0.006547875527358804,8.210878388149901e-05,-0.0002686033120773354,-0.001369285586004161,-1.0253701397072489e-05,-0.0001967482295929089,2024,2025
Environmental Protection Agency,0.002986526092422997,0.9330112637347738,0.0021768664149022727,0.9298542165642829,-0.0008096596775207243,-0.003157047170490923,-9.428603749681336e-06,-0.00018632730305201338,-0.0007554215989187005,2.556133793977396e-06,-0.00019319977300771734,2024,2025
Department of Labor,0.002955486299594748,0.9494378610890241,0.0022496804389164084,0.9660001081245613,-0.0007058058606783397,0.016562247035537214,4.894949420403397e-05,-0.0001740213716319879,-0.0006701188067065406,-1.1689731023684624e-05,-0.00013676160845163857,2024,2025
Social Security Administration,0.0025302806929940374,0.8607709307537802,0.0022395456462046383,0.8368112688031423,-0.00029073504678939904,-0.023959661950637923,-6.062467004436299e-05,-4.590417516065994e-05,-0.00025025627682765484,6.9659134382769005e-06,-9.956293176674603e-05,2024,2025
General Services Administration,0.035767779225290945,0.8913283334088522,0.030535894274952624,0.9205094913612183,-0.005231884950338321,0.029181157952366088,0.0010437452151785733,-0.0009859354650106767,-0.004663327293371911,-0.00015267246112442957,-9.486271095653299e-05,2024,2025
Office of Personnel Management,0.0007251984263133585,0.9043406293311369,0.00025465085046851585,0.9297261633791541,-0.0004705475758448426,0.025385534048017244,1.8409549342746286e-05,-9.479640293701103e-05,-0.0004255352908697658,-1.1945101507821229e-05,-8.833195510208598e-05,2024,2025
Department of Transportation,0.011559403482543485,0.8203376280802842,0.01157089719508617,0.8147057949081218,1.149371254268415e-05,-0.005631833172162426,-6.510063198339827e-05,1.3500142515155618e-06,9.428724885102129e-06,-6.473067156918794e-08,-6.38153484034519e-05,2024,2025
Small Business Administration,0.00045360544452355234,0.8603978009178874,0.00014217301673938816,0.8445282941854777,-0.00031143242778416415,-0.01586950673240972,-7.198494655724219e-06,-4.905588124102679e-05,-0.0002679557760000136,4.942279009411498e-06,-5.1312096887339513e-05,2024,2025
Department of Commerce,0.006997787898259015,0.8105822140920135,0.005333417725507107,0.8345787105978861,-0.0016643701727519083,0.023996496505872655,0.0001679223928494104,-0.0001792549101667655,-0.0013491088596979488,-3.993905303491984e-05,-5.1271570352274935e-05,2024,2025
Millennium Challenge Corporation,0.00014107334257673645,0.9603681385715579,5.180749809184752e-05,0.49247257254529947,-8.926584448488894e-05,-0.4678955660262584,-6.600759147615837e-05,-2.2984818767848523e-05,-8.572807290597096e-05,4.176709283206907e-05,-4.722531741193782e-05,2024,2025
District of Columbia Courts,0.00013697192407795145,0.8326990968267152,8.02255354815093e-05,0.616026995926517,-5.674638859644215e-05,-0.21667210090019817,-2.967799455431218e-05,-7.36671573375158e-06,-4.725266653243519e-05,1.2295359235690169e-05,-2.4749351052373595e-05,2024,2025
Corporation for National and Community Service,0.00013166517915563566,0.9163978574163634,3.880496881424347e-05,0.8040935414699407,-9.286021034139219e-05,-0.11230431594642265,-1.4786567879036849e-05,-1.9827232669511284e-05,-8.509689779608463e-05,1.0428602401030972e-05,-2.4185198147517166e-05,2024,2025
Pension Benefit Guaranty Corporation,0.0004174991177487842,0.960535442553575,0.000373995281095717,0.9266267119247888,-4.3503836653067214e-05,-0.03390873062878619,-1.415686512149941e-05,-1.1208962580909539e-05,-4.1786976992332355e-05,1.4751598783875714e-06,-2.3890667824021377e-05,2024,2025
Consumer Financial Protection Bureau,0.00025420026423465136,0.9317744743343926,0.00014908857932809788,0.964072793899962,-0.00010511168490655347,0.03229831956556939,8.210241367902949e-06,-2.405939276293624e-05,-9.794038495020618e-05,-3.3949307891873007e-06,-1.9244082184220594e-05,2024,2025
Railroad Retirement Board,4.6095902325043e-05,0.539632697488369,5.512572193551138e-05,0.914562768259573,9.02981961046838e-06,0.374930070771204,1.7282739920990877e-05,-1.4741015197077315e-06,4.872785914230425e-06,3.3855509056041153e-06,1.9194189306887264e-05,2024,2025
National Science Foundation,0.0010468484127374026,0.8817317856597401,0.0009118674224301594,0.9273379434267516,-0.00013498099030724315,0.04560615776701149,4.774273386944754e-05,-2.4141474158733285e-05,-0.00011901702961372558,-6.1559643394995795e-06,1.744529537121468e-05,2024,2025
U.S. International Development Finance Corporation,0.00013985160641761274,0.9645298703964006,0.0001120653757806421,0.9175196869245886,-2.7786230636970644e-05,-0.04701018347181196,-6.57444967651961e-06,-7.270239562680281e-06,-2.680064943508179e-05,1.3062358002340724e-06,-1.253845343896582e-05,2024,2025
National Archives and Records Administration,0.0003009638650629347,0.8031105756607629,0.00026634671071816524,0.8581277072297783,-3.4617154344769466e-05,0.05501713156901533,1.6558168561686856e-05,-3.4696673050740314e-06,-2.7801402753565287e-05,-1.9045365351310923e-06,1.118396472148173e-05,2024,2025
Peace Corps,0.0001350514920381978,0.9408601024199201,8.801315771323638e-05,0.9500025726308085,-4.7038334324961425e-05,0.00914247021088832,1.2347042428952445e-06,-1.1194146852257598e-05,-4.425649205064565e-05,-4.300465703357654e-07,-1.0389489179698119e-05,2024,2025
Executive Office of the President,8.432160483818706e-05,0.8290586027825056,7.9634985578492e-05,0.7239428177053342,-4.686619259695052e-06,-0.10511578507717145,-8.863531691533052e-06,-5.913470080754857e-07,-3.885482015216361e-06,4.926376628406375e-07,-8.9622410367679e-06,2024,2025
Equal Employment Opportunity Commission,6.990123773830142e-05,0.45701893938271615,6.234005854475878e-05,0.5703297687212887,-7.561179193542645e-06,0.11331082933857256,7.92056721991966e-06,1.8590060893052612e-06,-3.4556020955155204e-06,-8.567634851978763e-07,8.922809824027046e-06,2024,2025
Federal Communications Commission,0.00021100399884048715,0.7971397148652718,8.050722962433943e-05,0.8403657676515627,-0.00013049676921614772,0.04322605278629088,9.120869991997357e-06,-1.2300475155784245e-05,-0.00010402415740379917,-5.64086023457762e-06,-8.820465398364507e-06,2024,2025
Government Accountability Office,0.00017011676105252086,0.9672172689217342,0.00015055728311899426,0.9507460951237731,-1.9559477933526597e-05,-0.016471173797961147,-2.802022737242299e-06,-5.17028202631093e-06,-1.891826482840052e-05,3.221675604405025e-07,-7.650137203112725e-06,2024,2025
Consumer Product Safety Commission,4.7642038390937865e-05,0.7076114327093453,4.220869651445066e-05,0.5678356713633267,-5.433341876487203e-06,-0.13977576134601866,-6.65920218816959e-06,-2.5702782405593364e-08,-3.8446948296207926e-06,7.594494974392044e-07,-5.9254554731359784e-06,2024,2025
Securities and Exchange Commission,0.0007454487146151735,0.8690289037656598,0.0006388621842256171,0.9056247759562139,-0.00010658653038955637,0.03659587219055416,2.728034588466977e-05,-1.770914280201181e-05,-9.262677566062135e-05,-3.900627043370821e-06,5.670576039287139e-06,2024,2025
Nuclear Regulatory Commission,0.0002603736584173378,0.7540881844862808,0.0002352102116423213,0.7804194865957864,-2.516344677501648e-05,0.026331302109505628,6.855977461144144e-06,-1.2885526156413066e-06,-1.8975457893989334e-05,-6.625863191494241e-07,4.904838526353414e-06,2024,2025
Federal Trade Commission,0.00014258300256735686,0.9281693456139757,0.00011938670075995698,0.9362377552582546,-2.3196301807399886e-05,0.008068409644278907,1.1504180730247063e-06,-5.225859550650774e-06,-2.1530096269238633e-05,-1.8715726521442948e-07,-4.262598742840498e-06,2024,2025
Court Services and Offender Supervision Agency,5.264640403515413e-05,0.6710255140598528,4.740973132233469e-05,0.7517719258248944,-5.236672712819445e-06,0.0807464117650416,4.2510082181713035e-06,1.6681605592064206e-07,-3.513940999082872e-06,-4.228425311480764e-07,3.994981742943869e-06,2024,2025
United States Trade and Development Agency,2.7087706838604483e-05,0.9327899392166832,1.9068517146860828e-05,0.8407261094056723,-8.019189691743655e-06,-0.09206382981101091,-2.4937980323598393e-06,-1.8436844643752445e-06,-7.480219465128617e-06,7.38277315002901e-07,-3.5992051817321827e-06,2024,2025
Export-Import Bank of the United States,5.6460698284296527e-05,0.8850350615945132,6.629511918438853e-05,0.9119755502064221,9.834420900092002e-06,0.026940488611908897,1.5210787991485147e-06,1.7913810213236623e-06,8.703807307059293e-06,2.649441042636474e-07,3.577403924735825e-06,2024,2025
National Gallery of Art,7.255824204478492e-05,0.835062298274878,6.899936948988068e-05,0.7939179092595603,-3.5588725549042476e-06,-0.041144389015317695,-2.9853645369582115e-06,-4.7041686910471945e-07,-2.971880294965728e-06,1.4642763685491795e-07,-3.309353769208013e-06,2024,2025
Smithsonian Institution,0.0006641056215000159,0.7630964131806908,0.0005477738836232662,0.7815973694064006,-0.00011633173787674962,0.018500956225709797,1.2286589032619593e-05,-7.004979169458181e-06,-8.877233191282394e-05,-2.152248390118491e-06,3.129361473042921e-06,2024,2025
John F. Kennedy Center for the Performing Arts,1.0071012985735138e-05,0.9931592127849407,0.0,0.0,-1.0071012985735138e-05,-0.9931592127849407,-1.0002119328859624e-05,-2.923396992913114e-06,-1.0002119328859624e-05,1.0002119328859624e-05,-2.923396992913114e-06,2024,2025
Selective Service System,2.3629724766935503e-06,0.8840197088039726,9.52078552223015e-06,0.47990913777791877,7.1578130455366e-06,-0.40411057102605386,-9.549021568754794e-07,1.29655796707513e-06,6.3276478041885415e-06,-2.892547917129533e-06,-2.5508921069298825e-06,2024,2025
National Transportation Safety Board,3.029883232889935e-05,0.9418958884624534,3.806822887713809e-05,0.9525089264890512,7.76939654823874e-06,0.010613038026597743,3.2156265966811787e-07,1.8570024850691812e-06,7.3179626646204476e-06,8.2456901010175e-08,2.261022045747474e-06,2024,2025
National Labor Relations Board,3.470544790808637e-05,0.8190923395601922,3.505940326808328e-05,0.8782955347169094,3.5395535999691106e-07,0.059203195156717126,2.0546734055037173e-06,4.113367371249116e-08,2.8992212391973994e-07,2.0955288254663192e-08,2.1167623674708717e-06,2024,2025
U.S. Agency for Global Media,0.0001700749391358688,0.7817773456200682,9.205289330079817e-05,0.8298378672186342,-7.802204583507064e-05,0.048060521598566,8.17389028571422e-06,-6.155664694635378e-06,-6.099586789278882e-05,-3.7497802190207184e-06,-1.731554627941876e-06,2024,2025
Federal Election Commission,2.19335320672513e-05,0.9546019055833729,1.7607624602905956e-05,0.922131376450784,-4.325907464345343e-06,-0.032470529132588855,-7.121933919702552e-07,-1.0889219210443427e-06,-4.129519508841401e-06,1.4046450434590905e-07,-1.6606508086686888e-06,2024,2025
Merit Systems Protection Board,6.154780397586969e-06,0.5967922708705538,4.106073207206113e-06,0.867102411796733,-2.048707190380856e-06,0.2703101409261792,1.663699556641419e-06,2.1734446909035562e-07,-1.222652616496223e-06,-5.537863293483258e-07,1.3272576963834487e-06,2024,2025
Institute of Museum and Library Services,1.2841624775635188e-05,0.8739575350665197,1.5218126818689126e-05,0.7732344196235507,2.376502043053938e-06,-0.10072311544296908,-1.293448454751595e-06,4.0656405189518893e-07,2.076961867627968e-06,-2.393686896329737e-07,-1.1262530924893799e-06,2024,2025
Commodity Futures Trading Commission,0.00012096664051068855,0.7879232730544848,8.70445436762661e-05,0.8084424208638111,-3.3922096834422443e-05,0.020519147809326288,2.4821323766364555e-06,-2.884816743436152e-06,-2.672800956664931e-05,-6.960525189477935e-07,-1.0987368857474897e-06,2024,2025
National Endowment for the Arts,7.3616090011952156e-06,0.9615095661453896,4.956156057192026e-06,0.9872203831926821,-2.4054529440031896e-06,0.0257108170472925,1.8927298220343187e-07,-6.221191664879625e-07,-2.312866016571657e-06,-6.184616055913714e-08,-4.946923448436678e-07,2024,2025
Defense Nuclear Facilities Safety Board,9.895644299130008e-06,0.5721803428523508,7.628889842744764e-06,0.4765086950693134,-2.266754456385244e-06,-0.09567164778303733,-9.467325959725874e-07,2.962659948804032e-07,-1.296992342016603e-06,2.1686413396191932e-07,-4.336024671302649e-07,2024,2025
National Endowment for the Humanities,2.340459709405791e-06,0.6526044888591823,2.4984084502303905e-06,0.7627667412307134,1.5794874082459927e-07,0.1101622523715311,2.578303131729611e-07,-7.941090572960029e-09,1.0307805727178908e-07,1.7399989048485063e-08,2.6728921164848615e-07,2024,2025
International Trade Commission,2.2042666022119332e-05,0.8439878987922061,2.2823701213376936e-05,0.8277743436345354,7.81035191257604e-07,-0.016213555157670756,-3.573899813717468e-07,1.1020955779901157e-07,6.59184249952274e-07,-1.266335715353709e-08,-2.5984378072627234e-07,2024,2025
Occupational Safety and Health Review Commission,2.509176946582245e-06,0.9946212676122087,1.996719243173726e-06,0.9631044060006255,-5.124577034085191e-07,-0.03151686161158318,-7.908138258440746e-08,-1.4950461584366133e-07,-5.097013305618225e-07,1.6151058520116034e-08,-2.1243493990795277e-07,2024,2025
Committee for Purchase from People Who Are Blind or Severely Disabled,2.9976077405405904e-06,0.7744430089045098,2.647288375159304e-06,0.8615128304039139,-3.503193653812865e-07,0.08706982149940412,2.6100117089410133e-07,-2.5069604242894773e-08,-2.713023834034019e-07,-3.050224461153315e-08,2.0542932203967342e-07,2024,2025
Morris K. Udall and Stewart L. Udall Foundation,2.6176990786096526e-06,0.533448778045943,3.992210467890195e-07,0.0,-2.218478031820633e-06,-0.533448778045943,-1.3964083747763101e-06,3.758813665614366e-07,-1.1834443951964856e-06,1.1834443951964856e-06,1.62917386981612e-07,2024,2025
American Battle Monuments Commission,0.0,0.0,3.565198328223495e-07,0.2805755395683453,3.565198328223495e-07,0.2805755395683453,0.0,-2.5059096908941803e-07,0.0,1.0003074446094697e-07,-1.5056022462847106e-07,2024,2025
Federal Housing Finance Agency,9.90163434071119e-07,1.0,4.973475649601537e-07,1.0,-4.928158691109653e-07,0.0,0.0,-1.4642502390741927e-07,-4.928158691109653e-07,-0.0,-1.4642502390741927e-07,2024,2025
Federal Mediation and Conciliation Service,1.0950196280440455e-05,0.7215061789127519,1.9589158294183154e-06,0.7395524405667873,-8.991280451022139e-06,0.018046261654035334,1.9761010723987293e-07,-1.6746540560516177e-07,-6.487264401749908e-06,-1.6225899962395834e-07,-1.321142979892472e-07,2024,2025
Federal Maritime Commission,8.83703802146168e-06,0.8462723775438155,6.593060339400769e-06,0.9145617787383886,-2.2439776820609103e-06,0.06828940119457316,6.034760348192937e-07,-3.2176735013362694e-07,-1.8990163281529465e-06,-1.5323989220192584e-07,1.284687924837409e-07,2024,2025
Federal Labor Relations Authority,1.998585730402651e-06,0.8868403712768523,2.073272912978687e-06,0.9117564810623884,7.468718257603596e-08,0.024916109785536045,4.9796981474518197e-08,1.3739417105032006e-08,6.623560872535378e-08,1.8609140406368868e-09,6.539731262018709e-08,2024,2025
Council of the Inspectors General on Integrity and Efficiency,2.9511585332324297e-06,0.18156596406262965,5.911351841855769e-06,0.45318418465781973,2.9601933086233395e-06,0.2716182205951901,8.015884294909037e-07,-1.543192886468669e-06,5.374703518919421e-07,8.040424391060598e-07,6.243798212829453e-08,2024,2025
United States Chemical Safety Board,2.7044756478404676e-06,0.782665972560122,2.1142623828919053e-06,0.7895747577466896,-5.902132649485623e-07,0.006908785186567568,1.868464129323295e-08,-4.709022782478731e-08,-4.619398390288515e-07,-4.077656661792306e-09,-3.248324319334667e-08,2024,2025
Administrative Conference of the U.S.,1.3822799138965718e-07,1.0,3.3984804207885834e-08,1.0,-1.0424318718177134e-07,0.0,0.0,-3.0972645428022045e-08,-1.0424318718177134e-07,-0.0,-3.0972645428022045e-08,2024,2025
