fiscal_year,agency_id,agency_code,agency_name,agency_slug,obligations,real_multiplier,obligations_real,competed_obligations,not_competed_obligations,competed_share,fixed_price_share,cost_reimbursement_share,labor_hour_share,government_risk_share,government_risk_obligations,setaside_obligations,setaside_share,september_obligations,september_share,q4_share,surge_ratio,september_excess_obligations,vendor_hhi,hhi_normalized,vendor_hhi_class,vendor_gini,vendor_cr1,vendor_cr4,vendor_cr10,vendor_coverage_share,vendors_observed,prior_year,change_abs,change_pct,prior_year_real,change_abs_real,change_pct_real,real_growth_robust_z,real_growth_iqr_upper,real_growth_iqr_lower,real_growth_is_high_outlier,real_growth_is_low_outlier,real_growth_is_outlier,is_material
2021,1173,DOD,Department of Defense,department-of-defense,386919041538.61,1.1790193290922537,456185028767.8698,205880134821.15,181038896717.46,0.5321013391418188,0.6968009373630579,0.29627155991322945,0.006927502723712699,0.30319906263694213,117313487678.9,22876323715.54,0.05912431609612889,57434685369.44,0.14844109284734877,0.29004613739709506,1.9174856931278979,25191431907.88917,57.34911536792169,-0.004308170164856395,unconcentrated,0.4702348878183944,0.03442059839831124,0.1029705462913598,0.1965205642591574,0.5052141026577616,100.0,,,,,,,,,,False,False,False,True
2021,561,VA,Department of Veterans Affairs,department-of-veterans-affairs,47672640624.28,1.1790193290922537,56206964764.89472,42646186783.53,5026462471.75,0.8945629716352864,0.9752303260994819,0.0019417601021843559,0.022827913798333595,0.02476967390051795,1180835762.24,5762681384.24,0.12088026399999809,15451997101.96,0.32412714923305913,0.4889421018907958,5.275250570455441,11479277049.936666,809.8078953075358,0.0716977672027814,unconcentrated,0.7724970426805122,0.18572251653688884,0.504528518633391,0.5796293008264074,0.7746367491066104,100.0,,,,,,,,,,False,False,False,True
2021,930,DOE,Department of Energy,department-of-energy,37721319442.61,1.1790193290922537,44474164741.70063,36582202990.42,1139069165.590004,0.9698030023781019,0.03182710987051837,0.941833419450526,0.026339470678955746,0.9681728901294817,36521286590.090004,726050911.24,0.01924776020479954,1508355506.06,0.039986817225596875,0.1424252777420415,0.4581759890113183,0.0,509.7078277560168,0.04138462906626432,unconcentrated,0.7776003367852942,0.11308666216620666,0.36013762431874363,0.6224420100156343,0.978231347343528,100.0,,,,,,,,,,False,False,False,True
2021,806,HHS,Department of Health and Human Services,department-of-health-and-human-services,34263471655.44,1.1790193290922537,40397295363.56832,23314771517.44,10982235319.41,0.6797902694059509,0.611272033925741,0.2476703909914368,0.14102952691059747,0.3886999179020343,13318248891.630001,2847840607.91,0.08311593864592672,7019709936.78,0.20487445076703087,0.4288800507074972,2.8342932265367775,4164420632.16,88.37518892480644,-0.0011742233409286426,unconcentrated,0.4785625487222729,0.04364978199086097,0.13420512565485826,0.23584711763809232,0.6195830977390018,100.0,,,,,,,,,,False,False,False,True
2021,766,DHS,Department of Homeland Security,department-of-homeland-security,19737215494.56,1.1790193290922537,23270558570.54537,16586225892.34,3155441768.880001,0.8401633629423078,0.7402435429350354,0.06503955920468406,0.19471689786028057,0.2597564570649646,5126870150.9,2679465168.52,0.1357570002343298,4742250044.44,0.2402694567400891,0.41556450712415194,3.4788176513219335,3097482086.5599995,56.13601622224603,-0.004430705432096361,unconcentrated,0.3617002940086218,0.02139007857194253,0.07809360541383506,0.17062750266004914,0.5970406036407668,100.0,,,,,,,,,,False,False,False,True
2021,614,GSA,General Services Administration,general-services-administration,17711119388.86,1.1790193290922537,20881752099.326523,16195370612.52,1514694189.5599976,0.9144726907276984,0.5038398974743955,0.3762187927715669,0.11994130975403769,0.4961601025256045,8787550811.82,980486294.17,0.05535992800018668,3363353191.82,0.18990065607798304,0.3596512017973587,2.578581543770389,1887426576.0816667,164.9055628445702,0.0065561174590474955,unconcentrated,0.527582769386371,0.08941519151613224,0.19843375613460953,0.3041505491498317,0.697235157680502,100.0,,,,,,,,,,False,False,False,True
2021,862,NASA,National Aeronautics and Space Administration,national-aeronautics-and-space-administration,15011177490.64,1.1790193290922537,17698468413.899113,9913423844.380001,5097753646.259998,0.6604028132077828,0.283346448496693,0.7130429077959111,0.003610190975549266,0.7166530987714603,10757809860.550001,1372026987.0,0.09140035735740966,1817215290.81,0.1210574781320851,0.3302249015775681,1.515039068337452,566283833.2566667,419.8182702285073,0.0323048757806573,unconcentrated,0.6474596086278013,0.1500590856623042,0.3416798893796389,0.4889451943870844,0.8661957217978131,100.0,,,,,,,,,,False,False,False,True
2021,95,USDA,Department of Agriculture,department-of-agriculture,9729368981.37,1.1790193290922537,11471114088.905842,8826057601.97,903517172.8500004,0.9071370338621283,0.9825908141709926,0.0030976002856599105,0.01431158554334742,0.017409185829007332,169380904.62,1592822984.99,0.16371287675901394,1481812652.71,0.1523030584560423,0.3472763844129829,1.9763355993299765,671031904.2624999,42.06064489095076,-0.005852460112025176,unconcentrated,0.3213374900646566,0.023066645241816976,0.07212521358925666,0.14012996949243278,0.5360970218137977,100.0,,,,,,,,,,False,False,False,True
2021,456,TREAS,Department of the Treasury,department-of-the-treasury,9566790307.66,1.1790193290922537,11279430690.103569,8897638965.94,669156878.4200001,0.930054232440374,0.9247309498916363,0.0208977632567439,0.05437128685161992,0.07526905010836381,720107152.53,728195671.39,0.07611703068341986,1655301316.25,0.1730257759412394,0.32721769124734684,2.3015028521836927,858068790.6116667,432.32028493937503,0.033567705549431816,unconcentrated,0.7163742554511514,0.12117574315617578,0.3463119516633756,0.5297786137218766,0.8565372256156721,100.0,,,,,,,,,,False,False,False,True
2021,315,DOS,Department of State,department-of-state,9548352930.6,1.1790193290922537,11257692666.172068,7626808282.610001,1921360923.3500004,0.7987717978279354,0.5461971881425226,0.11613309397390696,0.3376697178835703,0.4538028118574773,4333258402.11,723041082.0,0.07572416805864396,3519200274.43,0.36856621241469556,0.5257357316131966,6.420670569539231,2723504196.88,140.81990961301528,0.004123223193233867,unconcentrated,0.5158987575315466,0.04739195305818726,0.15382145400732553,0.3069752777179566,0.775220286111153,100.0,,,,,,,,,,False,False,False,True
2021,252,DOJ,Department of Justice,department-of-justice,9138040185.21,1.1790193290922537,10773926008.384346,7668537686.87,1453373717.4700003,0.8406722392876435,0.7150213247239999,0.021281494424236973,0.2601884030722678,0.2814698974965048,2572083234.25,759203296.57,0.08308163251446163,1432009518.46,0.15670860375266465,0.30392375806302896,2.0441269162121585,670506169.6925001,66.73543234513254,-0.003360057338875501,unconcentrated,0.41359348832149867,0.031045938261375725,0.09152620154742508,0.18859268299118293,0.6195566582474918,100.0,,,,,,,,,,False,False,False,True
2021,731,DOT,Department of Transportation,department-of-transportation,6972039767.94,1.1790193290922537,8220169649.6011305,5997360711.84,979415558.79,0.859617748828635,0.5977219786928963,0.16717698088589206,0.2351010404212116,0.40227802130710366,2804698574.7,856681745.13,0.12287390399999401,1065895860.18,0.15288149460669756,0.30535923566870876,1.9851962033256378,484892546.18499994,180.52213643172698,0.008133549134517875,unconcentrated,0.526240629727456,0.09907369053261895,0.20443427443488818,0.30726654663402314,0.6859352713923241,100.0,,,,,,,,,,False,False,False,True
2021,801,USAID,Agency for International Development,agency-for-international-development,5483556602.03,1.1790193290922537,6465219225.964808,5264666455.63,221903121.48999977,0.9595552159922702,0.13542828008975807,0.7818862697983224,0.0826854501119195,0.864571719910242,4748961089.97,339795081.8,0.06196618480681109,1262882899.61,0.23030361337794591,0.41047310962683226,3.291349408921361,805919849.4408333,1004.0819657103114,0.09132141067780923,unconcentrated,0.6899933611700337,0.2943834950080394,0.4595523084611015,0.5743008305037225,0.9108141735677621,100.0,,,,,,,,,,False,False,False,True
2021,209,DOI,Department of the Interior,department-of-the-interior,5082951629.48,1.1790193290922537,5992898219.997887,4407252018.78,675706412.5500002,0.8670643441848499,0.7741202761078979,0.024851994564142523,0.2010277293279596,0.22587972389210215,1148137958.1000001,1350524895.15,0.26569697954968785,1655575648.46,0.3257114702524466,0.5261336913830891,5.31349120549075,1231996346.0033333,27.83337122498619,-0.007289558462122607,unconcentrated,0.32221704693879993,0.02604982717758932,0.07030512480925549,0.11483558034757739,0.40693924234758233,100.0,,,,,,,,,,False,False,False,True
2021,183,DOC,Department of Commerce,department-of-commerce,4534073909.07,1.1790193290922537,5345760778.326404,3567580121.55,966781443.7799997,0.7867877473265324,0.5660211297096193,0.11112986951450413,0.3228490007758765,0.4339788702903806,1967894868.59,1081239451.35,0.23846974553879224,960550894.46,0.21185161815260795,0.39471990539895935,2.95676277887723,582711402.0375001,95.39043501628342,-0.00046561262461783674,unconcentrated,0.4312177533345154,0.03863076465728073,0.14212713932847607,0.24624183116349,0.6725063184524557,100.0,,,,,,,,,,False,False,False,True
2021,1068,ED,Department of Education,department-of-education,2687507868.02,1.1790193290922537,3168623723.4830937,2555632623.11,131878302.11000013,0.9509292033485577,0.9105272066948226,0.0774115230429342,0.01206127026224323,0.0894727933051774,240465773.19,562089220.42,0.20914886505397087,390720827.56,0.1453840683442763,0.23810107058084265,1.8712788897917203,166761838.55833334,389.36531483234234,0.029228819680034577,unconcentrated,0.6815474082522428,0.1046355388820418,0.32407191893792014,0.5112651766866474,0.9602563859362045,100.0,,,,,,,,,,False,False,False,True
2021,267,DOL,Department of Labor,department-of-labor,2365144389.9,1.1790193290922537,2788550951.786206,2246596625.46,118722408.62999964,0.949807020990014,0.4965915768124328,0.29495154459436224,0.20845687859320483,0.5034084231875671,1190710689.35,653554812.34,0.27632765895008754,349597733.67,0.14781242750459783,0.3530491652880884,1.9079563643359143,152502367.845,317.44111900534335,0.021963749394479124,unconcentrated,0.5855192826915994,0.11375891378089432,0.29380372551773903,0.45174028378249415,0.8813513951417297,100.0,,,,,,,,,,False,False,False,True
2021,539,SSA,Social Security Administration,social-security-administration,1715484075.97,1.1790193290922537,2022588884.3185942,1609002761.69,106481314.27999997,0.9379292901802126,0.7076043058608034,0.026660523873172026,0.2657351702660246,0.29239569413919664,501819235.76,35356560.68,0.020610252916517486,677817307.25,0.395117224779097,0.4741149080792887,7.185341773011809,534860300.9191667,397.6438204292218,0.03006503236658806,unconcentrated,0.6617805570467994,0.13211822151822966,0.3111615048004298,0.4922884430812802,0.9098796226058915,100.0,,,,,,,,,,False,False,False,True
2021,700,EPA,Environmental Protection Agency,environmental-protection-agency,1180500602.49,1.1790193290922537,1391833028.3407612,1064937651.2900001,120264020.23999989,0.89852864442492,0.4172415461723578,0.12065059464087281,0.46210785918676944,0.5827584538276422,689613631.6800001,135790366.92,0.11502778281822204,256735252.84,0.21747998459168494,0.40546842692022655,3.0571484222806173,158360202.6325,167.76796181279954,0.006845248667959548,unconcentrated,0.4832354648886765,0.07052598091385155,0.19078949869651413,0.31200646355715855,0.8329092705383258,100.0,,,,,,,,,,False,False,False,True
2021,803,SBA,Small Business Administration,small-business-administration,1153700308.19,1.1790193290922537,1360234963.3357003,626395872.18,527304436.0100001,0.5429450505762025,0.5445446362397585,0.0008963371856959768,0.45455902657454544,0.4554553637602414,525463827.17999995,89562150.16,0.07763034258048428,323748601.43,0.280617591181819,0.46339561337965324,4.290893779389281,227606909.08083332,1644.3478866670264,0.15599473602697236,moderately concentrated,0.862098725566729,0.251907142805528,0.7660630962962766,0.8389716877847928,0.9874534964433622,100.0,,,,,,,,,,False,False,False,True
2021,882,HUD,Department of Housing and Urban Development,department-of-housing-and-urban-development,672588364.17,1.1790193290922537,792994681.8789698,136417393.59,825052556.92,0.1418841987912769,0.029012336941905283,0.001379555405608569,0.9696081076524861,0.9709876630580947,660538665.1800001,95702645.25,0.14229006974882885,0.0,0.0,0.688330637807226,0.0,0.0,4265.448043562117,0.4207523276325371,highly concentrated,0.7752728536724576,0.45357706680886306,1.04744166787568,1.2648483617610962,1.7434449281129918,100.0,,,,,,,,,,False,False,False,True
2022,1173,DOD,Department of Defense,department-of-defense,414331853072.25,1.101075458543849,456210635110.8503,246525174849.16,167806609219.85,0.5949946017370934,0.7073000524361751,0.2858131234895908,0.0068856958433570125,0.29269881933294783,121274444206.28,24886428029.26,0.06006399904986396,57187485190.07,0.1380233857619868,0.2992079060380912,1.761367093147873,22659830767.3825,66.31024678328828,-0.003403005375425426,unconcentrated,0.4676034801608082,0.0411311747568157,0.12336486977950711,0.2043174899063772,0.4999050264389445,100.0,386919041538.61,27412811533.640015,7.084895957725704,456185028767.8698,25606342.98046875,0.005613148473905434,0.011279726644865335,36.80579572127791,-36.538289743635154,False,False,False,True
2022,561,VA,Department of Veterans Affairs,department-of-veterans-affairs,56369125066.65,1.101075458543849,62066660230.47722,50899820245.94,5469335769.789993,0.9029728994298982,0.9805593698017272,0.00154852393687876,0.017892106261393984,0.019440630198272746,1095874200.92,6514760103.39,0.11557319890431236,24619848744.13,0.436761236138043,0.6275262173249164,8.529905797989372,19922421655.2425,1065.0854872504558,0.09748338255055108,unconcentrated,0.7979711076172702,0.2574131286741353,0.5673211131836452,0.6338920626335975,0.8062703058657035,100.0,47672640624.28,8696484442.370003,18.242086715752063,56206964764.89472,5859695465.582497,10.425212409338808,0.7887639216194338,36.80579572127791,-36.538289743635154,False,False,False,True
2022,930,DOE,Department of Energy,department-of-energy,41183269090.69,1.101075458543849,45345886898.36621,40021820126.21,1162924775.8600006,0.9717632152724212,0.03271469598159155,0.9372742523707528,0.030011051647655693,0.9672853040184084,39835970962.86,698567005.8,0.016962398110302514,3406794867.85,0.08272278872150411,0.19971643272703088,0.9920127358972117,0.0,518.5108306598821,0.04227382127877597,unconcentrated,0.7892811750556388,0.10469841037910083,0.3616366328008875,0.6389628311774487,0.9788167404819446,100.0,37721319442.61,3461949648.080002,9.177700301144249,44474164741.70063,871722156.6655807,1.9600641444947065,0.1571159264079205,36.80579572127791,-36.538289743635154,False,False,False,True
2022,806,HHS,Department of Health and Human Services,department-of-health-and-human-services,33388689390.76,1.101075458543849,36763466481.10921,24787043507.05,8679475608.64,0.7406519758258686,0.5831457091532837,0.25440553538493865,0.16242350799627053,0.4168290433812092,13919261139.419998,3213124260.16,0.09623391390286799,7473708394.45,0.22383952562445525,0.413836783804214,3.1723269390263447,4691317611.886667,112.30640159915077,0.0012430708686010884,unconcentrated,0.5059969719720359,0.05344847157863777,0.15407547114393946,0.2882097832475287,0.6394564230424262,100.0,34263471655.44,-874782264.6800003,-2.5531045816868105,40397295363.56832,-3633828882.459114,-8.995228145239215,-0.6603403301475599,36.80579572127791,-36.538289743635154,False,False,False,True
2022,766,DHS,Department of Homeland Security,department-of-homeland-security,20837720897.04,1.101075458543849,22943903091.71706,18179704266.53,2694735689.460003,0.8709074018205342,0.7494261134996844,0.05773264910246164,0.19284123739785408,0.25057388650031576,5221404140.190001,3189409396.89,0.15305941626961014,4987678883.11,0.23935817682530242,0.4251713277879879,3.4614714374884112,3251202141.6899996,57.816035796688666,-0.004261006485182964,unconcentrated,0.38652125552059347,0.03632368981185068,0.09963123925586834,0.17482939346536186,0.5644883502711127,100.0,19737215494.56,1100505402.4799995,5.575788554283771,23270558570.54537,-326655478.8283081,-1.4037285690330237,-0.09388179475792571,36.80579572127791,-36.538289743635154,False,False,False,True
2022,614,GSA,General Services Administration,general-services-administration,20572362241.89,1.101075458543849,22651723188.819195,18252691267.89,2318957657.510002,0.8872740991293719,0.49314683666040443,0.3991850747722173,0.10766808856737822,0.5068531633395955,10427166879.67,1165606777.71,0.05665886902071752,4328717711.53,0.21041422762407652,0.39380567488712986,2.9313553825826495,2614354191.3724995,183.72928289555364,0.008457503322783194,unconcentrated,0.5657956830008246,0.08680596562137614,0.21135796827435865,0.3428816933500562,0.7178047901777248,100.0,17711119388.86,2861242853.029999,16.15506501994263,20881752099.326523,1769971089.492672,8.476161775475521,0.6433306832486057,36.80579572127791,-36.538289743635154,False,False,False,True
2022,862,NASA,National Aeronautics and Space Administration,national-aeronautics-and-space-administration,15239780124.55,1.101075458543849,16780147888.746325,9741444087.69,5498339036.889999,0.6392114643664569,0.27613891569640175,0.7189319968167367,0.004929087486861538,0.7238610843035982,11031653872.86,1373528536.24,0.09012784469425261,2065695826.56,0.13554630117217625,0.31253920824337633,1.7247995062265427,795714149.5141666,518.4433606580036,0.04226700612707107,unconcentrated,0.6725019551453255,0.1681601637481415,0.3889351524561462,0.5315534708824546,0.8715593388446085,100.0,15011177490.64,228602633.90999985,1.5228827588811182,17698468413.899113,-918320525.1527882,-5.188700534288068,-0.3763068485179451,36.80579572127791,-36.538289743635154,False,False,False,True
2022,315,DOS,Department of State,department-of-state,11949724607.11,1.101075458543849,13157548501.246359,9724455294.22,2225042434.16,0.813796154052941,0.6752115596171823,0.048827776135743566,0.2759606642470741,0.32478844038281773,3881507074.92,793178125.06,0.06637626816839483,4822412508.39,0.4035584640603934,0.5731909824996814,7.442712884962155,3826602124.464167,417.7619672492389,0.03209716840901403,unconcentrated,0.6163139055146942,0.16624810089748646,0.3160960899419018,0.42863669989201203,0.7780208044558844,100.0,9548352930.6,2401371676.51,25.14959065677417,11257692666.172068,1899855835.0742912,16.876067693543597,1.2701104592329238,36.80579572127791,-36.538289743635154,False,False,False,True
2022,95,USDA,Department of Agriculture,department-of-agriculture,10036376515.35,1.101075458543849,11050807873.757719,9060603738.13,975783010.0699997,0.9027754674514706,0.9766036825859544,0.004796058445633292,0.01860025896841216,0.02339631741404545,234814250.64000002,2143087326.91,0.21353197776431407,2014622037.77,0.20073201067026167,0.4456626160057943,2.7625929561179334,1178257328.1574998,38.01291237845632,-0.006261321981974109,unconcentrated,0.3248329359764559,0.0238050301136663,0.07438277494055992,0.13303145082171508,0.4975208455385324,100.0,9729368981.37,307007533.97999954,3.155472205523955,11471114088.905842,-420306215.1481228,-3.664040056533107,-0.2625405323210149,36.80579572127791,-36.538289743635154,False,False,False,True
2022,456,TREAS,Department of the Treasury,department-of-the-treasury,9306547378.56,1.101075458543849,10247210922.308006,8616233720.45,690313658.1099987,0.9258249455968696,0.9218536222745525,0.02186567474345553,0.05628070298199184,0.07814637772544737,727310736.0,995539427.55,0.10697193997459019,1245241230.42,0.13380270682215945,0.31106509253681297,1.6991853780147632,469695615.5400001,592.8148398211054,0.049779276749606596,unconcentrated,0.7245691051146452,0.18283754050079162,0.4065690482290823,0.5550018601344298,0.846590674159238,100.0,9566790307.66,-260242929.10000038,-2.720274206194604,11279430690.103569,-1032219767.7955627,-9.15134634145338,-0.6719894758647413,36.80579572127791,-36.538289743635154,False,False,False,True
2022,252,DOJ,Department of Justice,department-of-justice,8984981693.73,1.101075458543849,9893142838.431847,7542036436.7,1434639884.4499998,0.840181395304425,0.6751156708135505,0.0402699536040783,0.283091015182032,0.3233609687861103,2905392385.0099998,838615185.36,0.09333521357591767,1598501607.51,0.1779081652025495,0.34842148994300154,2.380500248746801,849753133.0325,64.8139639809001,-0.0035541450524343337,unconcentrated,0.4069453211092082,0.028088252845981126,0.09530307168878821,0.19345764672653473,0.6093422593282051,100.0,9138040185.21,-153058491.47999954,-1.6749597110300094,10773926008.384346,-880783169.9524994,-8.17513661470357,-0.5991471702705992,36.80579572127791,-36.538289743635154,False,False,False,True
2022,731,DOT,Department of Transportation,department-of-transportation,7960687196.1,1.101075458543849,8765317304.769955,6883984066.309999,1078675356.12,0.8645332797882224,0.6045082438016696,0.16940017125529885,0.22609158494303158,0.39549175619833044,3148486384.2,999814070.06,0.12559393999927748,1170519027.51,0.1470374351706026,0.3223806284572121,1.8962283382273992,507128427.8349999,102.6100203018185,0.0002636384143251008,unconcentrated,0.4751688694567522,0.04843265450486326,0.13885782925392992,0.2555194004050964,0.6673332023487368,100.0,6972039767.94,988647428.1600008,14.180174827833955,8220169649.6011305,545147655.1688242,6.631829735962645,0.505711282050306,36.80579572127791,-36.538289743635154,False,False,False,True
2022,209,DOI,Department of the Interior,department-of-the-interior,6518251842.52,1.101075458543849,7177087136.406998,5721411482.690001,796905984.8299999,0.8777436065670493,0.7835271051381995,0.01840086311474888,0.1980720317470517,0.21647289486180057,1411029489.1299999,1483740702.4,0.22762862470597267,1639487039.93,0.25152250627004974,0.474537340912892,3.6965006859228104,1096299386.3866668,52.53195760039146,-0.004794751757536217,unconcentrated,0.4378016564457843,0.03403909957155345,0.09995495172185821,0.18656935004982028,0.49086362619168505,100.0,5082951629.48,1435300213.040001,28.237534363214788,5992898219.997887,1184188916.409111,19.759870315460297,1.4852925313868526,36.80579572127791,-36.538289743635154,False,False,False,True
2022,801,USAID,Agency for International Development,agency-for-international-development,5909322961.87,1.101075458543849,6506610489.9247055,5640799378.599999,269539463.34000015,0.9543952604836566,0.15027946286384267,0.7695307528733243,0.08018978426283303,0.8497205371361574,5032773204.51,387002509.75,0.06549016058982388,1745282516.79,0.29534390454735054,0.44612954586014664,4.610451780643347,1252838936.6341667,779.7941622264133,0.06866607699256701,unconcentrated,0.6447660058657136,0.25539009733907325,0.39993654323170025,0.5226721915064536,0.9179397353167261,100.0,5483556602.03,425766359.84000015,7.764419896429672,6465219225.964808,41391263.95989704,0.6402143920142198,0.05863206953361154,36.80579572127791,-36.538289743635154,False,False,False,True
2022,183,DOC,Department of Commerce,department-of-commerce,4062237501.12,1.101075458543849,4472830019.259723,3285746413.76,776758589.06,0.8087981212279589,0.6140018124278319,0.07394039853796663,0.3120577890342014,0.3859981875721681,1568123121.6100001,1007841896.76,0.24810019022327665,723472737.05,0.17809710457611877,0.40347781688000883,2.383576163613529,384952945.28999996,83.74810217493301,-0.0016416058409158578,unconcentrated,0.41662263037837954,0.04556299234817498,0.12523750290812244,0.22531834913336393,0.6355085255252138,100.0,4534073909.07,-471836407.9499998,-10.40645603518139,5345760778.326404,-872930759.0666809,-16.32940184315485,-1.2075978580588846,36.80579572127791,-36.538289743635154,False,False,False,True
2022,1068,ED,Department of Education,department-of-education,2446949795.3,1.101075458543849,2694276367.893725,2330810978.2599998,116225924.96000004,0.9525034032764029,0.8589429033811068,0.13075310580593444,0.010303990812958616,0.14105709661889307,345163506.74,146056295.51,0.059689126352546695,421285728.71,0.1721677042656078,0.3735364339618332,2.2877154668647055,217373245.7683333,485.2756769127991,0.038916735041696876,unconcentrated,0.7243285772407102,0.11424777707207748,0.3584956128462175,0.6106635896862774,0.9615977594879591,100.0,2687507868.02,-240558072.7199998,-8.950971849516073,3168623723.4830937,-474347355.5893688,-14.970138362403754,-1.1061730482718741,36.80579572127791,-36.538289743635154,False,False,False,True
2022,267,DOL,Department of Labor,department-of-labor,2137899322.48,1.101075458543849,2353988476.82025,2070207749.43,69017280.92000008,0.9677372506674962,0.5494116296214355,0.17060484078864566,0.27998352958991884,0.45058837037856453,963312786.4100001,525275061.71,0.24569681845479602,336176637.38,0.1572462434713854,0.4211214407166839,2.052448493745171,158018360.50666666,295.80410795555315,0.019778192722783146,unconcentrated,0.5595744473155122,0.10626034730974812,0.2796661905371801,0.4436477266056446,0.8698710618480948,100.0,2365144389.9,-227245067.42000008,-9.608084326285388,2788550951.786206,-434562474.96595573,-15.583809744899831,-1.1519636577620982,36.80579572127791,-36.538289743635154,False,False,False,True
2022,539,SSA,Social Security Administration,social-security-administration,1899504963.26,1.101075458543849,2091498298.4278214,1641549722.6699998,257955240.59000015,0.8641987014620441,0.925642762869555,0.019839342779223314,0.05451789435122163,0.07435723713044495,141243454.05,35281636.81,0.01857412193830142,677325220.87,0.3565798636859309,0.47363902221447046,6.096138866612392,519033140.59833336,504.58610046010114,0.04086728287475769,unconcentrated,0.7138871314495709,0.16047753709305568,0.36001703630526155,0.5712078197404984,0.9236178602866117,100.0,1715484075.97,184020887.28999996,10.727053073106934,2022588884.3185942,68909414.10922718,3.406990646665331,0.2650819295682106,36.80579572127791,-36.538289743635154,False,False,False,True
2022,700,EPA,Environmental Protection Agency,environmental-protection-agency,1575773239.29,1.101075458543849,1735045242.012363,1466016843.6399999,111989681.9000001,0.9290309133153446,0.4400256688130442,0.18311106700553215,0.37686326418142363,0.5599743311869558,882409043.36,136185480.26,0.08642454184674529,323102223.36,0.2050436035489351,0.4357648663327936,2.837236921556271,191787786.7525,265.4418723659338,0.01671130023898321,unconcentrated,0.5651750553046082,0.09169732549532641,0.26688283886549996,0.404323488827028,0.8561431373513246,100.0,1180500602.49,395272636.79999995,33.483476075002535,1391833028.3407612,343212213.6716018,24.659007703011156,1.8508537965053744,36.80579572127791,-36.538289743635154,False,False,False,True
2022,882,HUD,Department of Housing and Urban Development,department-of-housing-and-urban-development,767635869.3,1.101075458543849,845225016.7842035,321142549.87,451177189.55999994,0.41581554047422753,0.7732862044621499,0.040751618509601614,0.1859621770282485,0.2267137955378501,174033641.52,108870078.05,0.14182515747899796,100100799.9,0.12421232360990107,0.3811491919959156,1.5601219297133724,32943749.113333344,350.8252402344122,0.025335882851960825,unconcentrated,0.6151594919720744,0.07967793852021866,0.2805062953042494,0.5171873295759761,1.0102454345537186,100.0,672588364.17,95047505.13,14.13160116846391,792994681.8789698,52230334.90523374,6.58646723600668,0.5023264468107433,36.80579572127791,-36.538289743635154,False,False,False,True
2022,803,SBA,Small Business Administration,small-business-administration,660842772.42,1.101075458543849,727637758.6677399,428718052.81,232124719.61000007,0.6487444074481415,0.7417601742712218,0.0,0.2582398257287782,0.2582398257287782,170709302.88,168643622.16,0.25519477430679716,126770795.99,0.19183200797637012,0.28043187855615764,2.6110315040519114,71700564.95499998,529.4711018835114,0.043380919382172874,unconcentrated,0.7067943751779724,0.15064618020325204,0.3789664049179222,0.6144851442998248,0.9768559330474458,100.0,1153700308.19,-492857535.7700001,-42.71971952085434,1360234963.3357003,-632597204.6679604,-46.506465553322066,-3.4593341770858106,36.80579572127791,-36.538289743635154,False,True,True,True
2023,1173,DOD,Department of Defense,department-of-defense,456946274497.38,1.0522717084185027,480831636920.8281,251801130866.88,205145064627.26,0.5510520349000458,0.7139250072113572,0.2777978912492229,0.008277101539419811,0.28607499278864273,130720910570.77,27897200186.11,0.06105137899810135,65114013503.13,0.14249818225294086,0.2893962754940422,1.8279611452027444,27035157295.015,87.56623300326285,-0.0012559360602764805,unconcentrated,0.47838027988605236,0.07102307962783506,0.1317540727514241,0.21663087804714679,0.509688499515834,100.0,414331853072.25,42614421425.130005,10.285094208699185,456210635110.8503,24621001809.977844,5.396849594265907,-0.022172735048669085,64.22815055526087,-45.70842727022192,False,False,False,True
2023,561,VA,Department of Veterans Affairs,department-of-veterans-affairs,61679756215.09,1.0522717084185027,64903862447.28951,56894061090.93,4785695124.160004,0.9224106024759355,0.9796027014757849,0.002141515097098982,0.018255783427116076,0.02039729852421506,1258100400.42,7490168596.83,0.12143641701031116,12139296855.24,0.19681168668870505,0.4364187606929037,2.6954183940381675,6999317170.649167,1097.4904794019362,0.10075661408100366,unconcentrated,0.7959075649283451,0.26288538712808757,0.5596251805232534,0.624646956906812,0.8064428134025404,100.0,56369125066.65,5310631148.439995,9.421170085859563,62066660230.47722,2837202216.812294,4.571217794346721,-0.06048547766076533,64.22815055526087,-45.70842727022192,False,False,False,True
2023,930,DOE,Department of Energy,department-of-energy,44603688671.33,1.0522717084185027,46935199679.94743,43133847261.310005,1469961501.5199966,0.967044036321289,0.035678935694457826,0.93214541711602,0.03217564718952214,0.9643210643055421,43012276531.49,867318480.18,0.01944499448399854,2767574578.74,0.06204810994743847,0.17026859416184564,0.7276804030786433,0.0,508.49390072809,0.041262010174554546,unconcentrated,0.782269471119414,0.10537196264736315,0.3491586662158813,0.6379064143669977,0.9773841292391047,100.0,41183269090.69,3420419580.6399994,8.30536199811595,45345886898.36621,1589312781.5812225,3.504866461523514,-0.10996860579672157,64.22815055526087,-45.70842727022192,False,False,False,True
2023,806,HHS,Department of Health and Human Services,department-of-health-and-human-services,33358493748.86,1.0522717084185027,35102199207.38086,27809923741.25,5571334608.66,0.8330999224097548,0.5355602475707755,0.2919368297398076,0.1724820657618594,0.46441889550166704,15558328410.23,3409565007.3,0.10220980098708801,9942853514.47,0.2980606255583644,0.5168782317990374,4.670869024479579,7162979035.398333,84.10439895350089,-0.001605616267323142,unconcentrated,0.4506646697342529,0.051798869457619044,0.137831678319922,0.22314436787495492,0.588056614623686,100.0,33388689390.76,-30195641.89999771,-0.09043673906036595,36763466481.10921,-1661267273.7283478,-4.518799321010669,-0.48230000335408957,64.22815055526087,-45.70842727022192,False,False,False,True
2023,614,GSA,General Services Administration,general-services-administration,23918425153.58,1.0522717084185027,25168682099.037716,21627432225.6,2290992927.9800034,0.9042163974730962,0.4574921117656518,0.43841767989814595,0.10409020833620214,0.542507888234348,12975934319.96,1370938592.23,0.05731725995450015,4750475097.81,0.1986115334645672,0.3683762688222478,2.7261770780845684,2757273001.6783333,212.2030021361371,0.011333636579407785,unconcentrated,0.5652362429272304,0.1058241175841441,0.22696261324953804,0.3359704379532373,0.7367545528733283,100.0,20572362241.89,3346062911.6900024,16.26484538988264,22651723188.819195,2516958910.218521,11.11155601380862,0.24301336386014796,64.22815055526087,-45.70842727022192,False,False,False,True
2023,766,DHS,Department of Homeland Security,department-of-homeland-security,23898006655.76,1.0522717084185027,25147196291.453323,20763813829.88,3309140795.6800003,0.8625369902801028,0.773160888953849,0.04815172607498364,0.17868738497116718,0.22683911104615084,5421009390.75,3943033908.04,0.16499425934713402,5957381362.43,0.24928360964340623,0.41778036928797924,3.652670624088744,3965880807.783334,70.71325407035194,-0.0029582571646109158,unconcentrated,0.4142710162109895,0.04689426014658377,0.11708427201879595,0.20037078135618747,0.5782653602659027,100.0,20837720897.04,3060285758.7199974,14.686278666659321,22943903091.71706,2203293199.7362633,9.602957225406302,0.17300811807063787,64.22815055526087,-45.70842727022192,False,False,False,True
2023,862,NASA,National Aeronautics and Space Administration,national-aeronautics-and-space-administration,16129104644.29,1.0522717084185027,16972200499.307846,10136610124.87,5992787791.74,0.6284555801324334,0.3159405664224648,0.6785492102286014,0.005510223348933821,0.6840594335775352,11033287330.199999,1552055469.79,0.09622700726536956,2337069628.93,0.1448976667007592,0.26837795334178316,1.8639574137971382,992977575.2391665,509.07233741833943,0.04132043812306459,unconcentrated,0.6809535432633842,0.17023404901474404,0.37175270681207384,0.5188045664904513,0.8740160533592068,100.0,15239780124.55,889324519.7400017,5.83554692043998,16780147888.746325,192052610.56152153,1.1445227529271205,-0.21949835137142665,64.22815055526087,-45.70842727022192,False,False,False,True
2023,315,DOS,Department of State,department-of-state,11664005479.54,1.0522717084185027,12273702972.958334,8533693816.82,3130340416.380001,0.7316245516949929,0.6640400459795504,0.06321039750448738,0.27274955651596233,0.3359599540204497,3919051760.38,908636562.52,0.0779009032629359,3841975184.04,0.32938729245105924,0.5542140730317059,5.402910168828302,2869974727.4116664,208.51095063748562,0.010960702084594508,unconcentrated,0.5538961427850801,0.07923315738500898,0.23606052629860283,0.3689937078698746,0.7639260736296745,100.0,11949724607.11,-285719127.5699997,-2.3910101442839853,13157548501.246359,-883845528.2880249,-6.717402776089345,-0.584324329801714,64.22815055526087,-45.70842727022192,False,False,False,True
2023,95,USDA,Department of Agriculture,department-of-agriculture,11456729967.07,1.0522717084185027,12055592815.338205,10508996531.02,947733436.0499992,0.9172771428868391,0.9771979997581448,0.004710239412564334,0.018091760829290877,0.022802000241855212,261236359.48,2845673995.99,0.248384487036816,1812008073.08,0.15816101787231107,0.4522040232816064,2.066631782954826,857280575.8241667,29.03246329128643,-0.0071684380513852095,unconcentrated,0.2673691477101656,0.01929476650888837,0.05420208138054004,0.10483324527436352,0.4715224609899365,100.0,10036376515.35,1420353451.7199993,14.152054275242254,11050807873.757719,1004784941.5804863,9.092411641383634,0.14931668376018933,64.22815055526087,-45.70842727022192,False,False,False,True
2023,456,TREAS,Department of the Treasury,department-of-the-treasury,10257934018.66,1.0522717084185027,10794133754.659636,9449562166.14,808371852.5200005,0.9211954521203287,0.9217674062121974,0.02493972858594462,0.05329286520185801,0.07823259378780263,802504983.66,1257679582.24,0.12260554415267057,1596196517.34,0.15560604254583732,0.3441730704084985,2.0270946433165675,741368682.4516666,458.84392877718943,0.036246861492645395,unconcentrated,0.6820145891472227,0.16439330777644123,0.3368862911034231,0.52828109865615,0.8395362821777029,100.0,9306547378.56,951386640.1000004,10.222766847904968,10247210922.308006,546922832.3516293,5.33728481338261,-0.02493678812771844,64.22815055526087,-45.70842727022192,False,False,False,True
2023,252,DOJ,Department of Justice,department-of-justice,9960834896.24,1.0522717084185027,10481504753.541103,8449570513.75,1511525925.2199993,0.8482570734576389,0.703372506220134,0.008073128009489722,0.28855436577037624,0.296627493779866,2955794658.4700003,1039792218.58,0.1043880587733162,1640714327.87,0.16471654685184414,0.3682743876865896,2.1691822201689277,810644753.1833333,87.50933412507713,-0.0012616834217093814,unconcentrated,0.4506676050924898,0.046653105772831924,0.1326186009215599,0.22855150284835601,0.6238008476905375,100.0,8984981693.73,975853202.5100002,10.860937014384582,9893142838.431847,588361915.1092567,5.94716891000148,0.003364365509116682,64.22815055526087,-45.70842727022192,False,False,False,True
2023,731,DOT,Department of Transportation,department-of-transportation,8692390255.63,1.0522717084185027,9146756344.532125,7304611792.889999,1387856925.790001,0.840338001699389,0.6143884958304722,0.16500590013195207,0.22060560403757587,0.38561150416952794,3352328239.8900003,1025566365.51,0.11798439040927183,1411969136.52,0.16243738430927876,0.3266810526104469,2.1333464435115914,687603281.8841667,92.16566452104391,-0.0007913470180763728,unconcentrated,0.4340871671500732,0.04440968965469233,0.1342294152203174,0.2248998865788169,0.6608609316958994,100.0,7960687196.1,731703059.5299988,9.191455982449174,8765317304.769955,381439039.7621708,4.351685472408367,-0.0706726886503169,64.22815055526087,-45.70842727022192,False,False,False,True
2023,209,DOI,Department of the Interior,department-of-the-interior,7631701517.55,1.0522717084185027,8030623594.012419,6795176503.92,836525867.7399998,0.8903880383430042,0.7252814047750789,0.021690778207363277,0.2530278170175579,0.27471859522492115,2096570310.3000002,1681744725.56,0.22036301101302627,2094544648.92,0.27445316671562,0.46723602814916276,4.160978582465289,1458569522.4575,56.41497036337205,-0.004402528246124036,unconcentrated,0.4230101374218116,0.0354863057297531,0.10575852614701163,0.1869553746813778,0.5224302746748347,100.0,6518251842.52,1113449675.0299997,17.08202907667238,7177087136.406998,853536457.6054211,11.892519087245185,0.2792532921490722,64.22815055526087,-45.70842727022192,False,False,False,True
2023,801,USAID,Agency for International Development,agency-for-international-development,6684456104.63,1.0522717084185027,7033864045.0675,6391367024.67,293955294.4300003,0.956029749891016,0.15063609533355374,0.7743653470571356,0.07499855760931044,0.8493639046664461,5677535737.599999,455141251.17,0.06808949659415754,1690041510.61,0.25283156687039804,0.4248007032020411,3.722249378129131,1133003501.8908334,697.4301299069875,0.060346477768382575,unconcentrated,0.6476479526764747,0.19693872383695865,0.4347046008675736,0.5419007690889015,0.9075002396437718,100.0,5909322961.87,775133142.7600002,13.117122684976929,6506610489.9247055,527253555.1427946,8.103352059558985,0.10342021369909865,64.22815055526087,-45.70842727022192,False,False,False,True
2023,183,DOC,Department of Commerce,department-of-commerce,5025752200.72,1.0522717084185027,5288456854.3396845,4124948890.3199997,901481882.04,0.8206516864815512,0.64088156674961,0.08344669802073011,0.27567173522965993,0.35911843325039006,1804893500.34,1253196284.99,0.24935496915475944,1022314736.02,0.20341526903645207,0.3946966782277523,2.808951606057542,603502052.6266665,107.65978311014933,0.0007737154656716496,unconcentrated,0.475811423351997,0.06084802764374045,0.1535236966238532,0.26399060398559376,0.6282010052898539,100.0,4062237501.12,963514699.6000004,23.718817507207536,4472830019.259723,815626835.0799618,18.235140427155162,0.573577249760377,64.22815055526087,-45.70842727022192,False,False,False,True
2023,267,DOL,Department of Labor,department-of-labor,2478804629.44,1.0522717084185027,2608375982.256522,2333077115.8,145727513.63999987,0.9412105690342679,0.6441691476916335,0.08736950845431965,0.26846134385404685,0.3558308523083665,882036575.7299999,618924860.75,0.2496868262222927,475825620.18,0.19195769385322486,0.4770489987535433,2.6131486140305236,269258567.7266667,240.7752304690475,0.014219720249398738,unconcentrated,0.5277379910920754,0.0867805565332501,0.23821165968751581,0.39953317624057305,0.8803797146179335,100.0,2137899322.48,340905306.96000004,15.9458073341145,2353988476.82025,254387505.43627214,10.806658908538791,0.22886487258532115,64.22815055526087,-45.70842727022192,False,False,False,True
2023,1068,ED,Department of Education,department-of-education,2445985962.83,1.0522717084185027,2573841827.8748,2340231798.76,105759428.26999998,0.9567621391682519,0.8667765905541424,0.1189566106383753,0.01426679880748244,0.13322340944585773,325863508.4,134643954.25,0.05504690390545711,314881358.15,0.1287339187284963,0.29520299162084135,1.6253049859887556,111049194.58083332,664.7678893368354,0.05704726154917529,unconcentrated,0.7473974267257351,0.14335432650002097,0.4725432388756241,0.6724957222104566,0.9842462782429805,100.0,2446949795.3,-963832.470000267,-0.03938913956680094,2694276367.893725,-120434540.01892471,-4.470014340550947,-0.4800361777603171,64.22815055526087,-45.70842727022192,False,False,False,True
2023,539,SSA,Social Security Administration,social-security-administration,1937692238.12,1.0522717084185027,2038978721.7958045,1781751140.33,155941097.78999996,0.919522257083871,0.9354448143522649,0.016041924931444105,0.04851326071629088,0.06455518564773499,125112501.84,38834163.19,0.020041450559598634,716933519.28,0.3699934928653003,0.5261978116448729,6.460137118310946,555459166.1033334,455.2427641477904,0.0358831074896758,unconcentrated,0.6797323504063006,0.16316185696586386,0.3188350020689611,0.5174398856047372,0.9181457604465167,100.0,1899504963.26,38187274.859999895,2.010380367443815,2091498298.4278214,-52519576.6320169,-2.511098224248896,-0.38913433874453096,64.22815055526087,-45.70842727022192,False,False,False,True
2023,700,EPA,Environmental Protection Agency,environmental-protection-agency,1863311252.45,1.0522717084185027,1960709714.9309816,1671736947.03,191642777.8499999,0.8971531270351557,0.43072664274673367,0.1584615681796421,0.41081178907362426,0.5692733572532663,1060733452.29,157305762.05,0.08442269741202088,400644950.27,0.21501772704007802,0.4112016001688157,3.0130552993540216,245369012.56583333,212.10433583339116,0.011323670286201128,unconcentrated,0.5628903121013076,0.05765665607865631,0.21131692690755424,0.3887509676322516,0.8688453338760924,100.0,1575773239.29,287538013.1600001,18.247423296105524,1735045242.012363,225664472.91861868,13.006258710400287,0.3309354336593811,64.22815055526087,-45.70842727022192,False,False,False,True
2023,882,HUD,Department of Housing and Urban Development,department-of-housing-and-urban-development,431141789.9,1.0522717084185027,453678307.82868415,42170490.27,452348791.45000005,0.0852757249895813,0.30991523428720014,0.06378128215297516,0.6263034835598248,0.6900847657128,298155580.96000004,130830248.92,0.30345063268013306,156359190.12,0.18772339738236138,0.32700018486563104,2.542184970675573,86948915.7925,820.1059042230612,0.07273797012354154,unconcentrated,0.598576364519072,0.14411272967626562,0.4167324245503394,0.7705075445761145,1.5991417143764102,100.0,767635869.3,-336494079.4,-43.83511673403769,845225016.7842035,-391546708.9555194,-46.32455277355877,-2.4222604940825283,64.22815055526087,-45.70842727022192,False,False,False,True
2023,803,SBA,Small Business Administration,small-business-administration,382451895.67,1.0522717084185027,402443309.6445659,349258701.0,33193194.670000017,0.9132094910606983,0.9267261367260368,0.0,0.07327386327396328,0.07327386327396328,28024587.259999998,145516335.74,0.3804827153100564,144177928.61,0.3019984946237905,0.5102103144152129,4.759278332890142,104393533.66083336,762.5404285968755,0.06692327561584602,unconcentrated,0.6558525079884141,0.15690021905860044,0.4709472247077384,0.7240542560650239,1.2982735381404156,100.0,660842772.42,-278390876.74999994,-42.12664318481311,727637758.6677399,-325194449.023174,-44.69180511173377,-2.346494225239533,64.22815055526087,-45.70842727022192,False,False,False,True
2024,1173,DOD,Department of Defense,department-of-defense,446045331581.31,1.0261971514633745,457730448692.2767,258700400171.12,187344852406.95,0.579986892979744,0.6739939661430068,0.3168165566969177,0.009189477160075545,0.3260060338569933,145413466209.19,30187692602.27,0.06767853055484128,78221700176.36,0.1753671536008463,0.3532010874574779,2.339269770823052,41051255877.9175,46.45079125099406,-0.005409010984748075,unconcentrated,0.4175991819734777,0.03218743046291213,0.08871507607207538,0.16923772665402123,0.4821552083219281,100.0,456946274497.38,-10900942916.070007,-2.385607132492883,480831636920.8281,-23101188228.551453,-4.804423514327782,-0.05532475329404647,40.79038191981468,-50.040859438000695,False,False,False,True
2024,561,VA,Department of Veterans Affairs,department-of-veterans-affairs,66875573383.34,1.0261971514633745,68627522908.46337,61629354128.43,5246219254.910004,0.9215525342139804,0.9788887487385384,0.001258199751315502,0.01985305151014603,0.02111125126146153,1411827032.9499998,7088735044.77,0.10599886754071468,11116484327.81,0.16622637781494268,0.3426970076969737,2.193029507424898,5543519879.198333,1250.260990829413,0.11618797887165788,unconcentrated,0.8099796990523531,0.3012006322306614,0.5803425637594386,0.6623358810376124,0.8325626048827344,100.0,61679756215.09,5195817168.25,8.423861388380196,64903862447.28951,3723660461.1738586,5.73719393695246,0.595168564623614,40.79038191981468,-50.040859438000695,False,False,False,True
2024,930,DOE,Department of Energy,department-of-energy,46043810154.91,1.0261971514633745,47250026823.489044,44504966540.24,1538943193.6200027,0.966576617786906,0.031885350908557056,0.9326182803059105,0.03549636878553241,0.9681146490914431,44575760491.740005,955728086.39,0.020756928741877446,2699625099.41,0.05863166167889601,0.168304035523516,0.6851178781072007,0.0,520.8749591826471,0.042512622139661324,unconcentrated,0.7855323251282798,0.11213127736148994,0.369002422053862,0.6250121609601674,0.9777717526311,100.0,44603688671.33,1440121483.5800018,3.228704904188051,46935199679.94743,314827143.5416107,0.6707697968442164,0.2825338988231686,40.79038191981468,-50.040859438000695,False,False,False,True
2024,806,HHS,Department of Health and Human Services,department-of-health-and-human-services,29868609670.72,1.0261971514633745,30651082162.264267,27127222599.929996,2758397943.140003,0.9077015001523991,0.5169794474224476,0.29416047143270063,0.1888600811448518,0.48302055257755244,14428276979.76,3389474524.97,0.1134794877410273,7932807818.53,0.2655901264231418,0.43206854162351477,3.978012137045182,5443757012.636666,130.3965576903612,0.0030703593626627457,unconcentrated,0.47557590446070575,0.08661913915585459,0.17031827073916062,0.2547054365964605,0.6221993905835529,100.0,33358493748.86,-3489884078.1399994,-10.46175557090093,35102199207.38086,-4451117045.116592,-12.680450643048788,-0.5413320517612304,40.79038191981468,-50.040859438000695,False,False,False,True
2024,614,GSA,General Services Administration,general-services-administration,26502128197.23,1.0261971514633745,27196408463.714603,23622097758.52,2880030439.489998,0.8913283334088522,0.4525565277177423,0.45419111788572053,0.09325235439653708,0.5474434722822576,14508660205.09,1564362088.65,0.0590277911648434,5707341137.29,0.21535406873047014,0.41578611163731855,3.019062052870627,3498830454.1875,230.6595178420311,0.013197931095154656,unconcentrated,0.5938568976942065,0.10952068828281392,0.22782872514785754,0.36780496940728025,0.7534733573897328,100.0,23918425153.58,2583703043.6499977,10.802145321274551,25168682099.037716,2027726364.6768875,8.056545657408158,0.7382891818372497,40.79038191981468,-50.040859438000695,False,False,False,True
2024,766,DHS,Department of Homeland Security,department-of-homeland-security,23607875688.36,1.0261971514633745,24226334783.496487,20714549776.16,2891260288.6899986,0.8775191242856265,0.7445962430471686,0.048861950195958286,0.20654180675687306,0.25540375695283135,6030629485.18,3697736960.86,0.15663149915192034,4811231156.35,0.20379771648502054,0.42966430841175995,2.815584591692583,2843908182.3200006,87.2878668394375,-0.0012840538546022736,unconcentrated,0.4184861965865385,0.0660775518069651,0.12466255281372358,0.20148359699578006,0.5936617774402388,100.0,23898006655.76,-290130967.3999977,-1.214038357170133,25147196291.453323,-920861507.9568367,-3.661885393839337,0.015178033994414251,40.79038191981468,-50.040859438000695,False,False,False,True
2024,862,NASA,National Aeronautics and Space Administration,national-aeronautics-and-space-administration,15016134539.27,1.0261971514633745,15409514490.189667,9691223903.800001,5324910635.469999,0.6453873917056109,0.3282187766134067,0.6652667607193895,0.006514462667203812,0.6717812233865934,10087568073.34,1359010213.1,0.09050333223546539,1983600684.45,0.13209795631908552,0.35904120274498413,1.674241384830944,732256139.5108333,464.23331882943415,0.03679124432620547,unconcentrated,0.6732397156679633,0.14488406866563444,0.36357913954102145,0.5230830728592987,0.8905038090608416,100.0,16129104644.29,-1112970105.0200005,-6.900383682574794,16972200499.307846,-1562686009.1181793,-9.20732705922198,-0.327015444843646,40.79038191981468,-50.040859438000695,False,False,False,True
2024,315,DOS,Department of State,department-of-state,11655552530.72,1.0261971514633745,11960894805.75659,8903733467.65,2751823002.01,0.7639046227288132,0.6714101280765228,0.05085704078472732,0.27773283113874986,0.32858987192347716,3834666401.7200003,1128895370.44,0.09685472803323762,4029227247.07,0.3456916552390247,0.5289619526015853,5.811645591985227,3057931202.8433332,229.29441840986095,0.013060042263622318,unconcentrated,0.5347408297589855,0.09564511516565019,0.2429950374145878,0.36390775898961064,0.7531223293485301,100.0,11664005479.54,-8452948.820001602,-0.0724703776488192,12273702972.958334,-312808167.2017441,-2.5486046704155156,0.08387543028114684,40.79038191981468,-50.040859438000695,False,False,False,True
2024,95,USDA,Department of Agriculture,department-of-agriculture,11597506288.99,1.0261971514633745,11901327917.840109,10450632074.01,1146957600.3099995,0.9011037954852245,0.9760979696578351,0.0049727390334781164,0.01892929130868689,0.023902030342165006,277251604.18,2523250196.74,0.21756834045741602,2212805050.92,0.19080007337617994,0.4657010403596305,2.593673995862418,1246346193.5041666,30.564909760079978,-0.0070136454787798,unconcentrated,0.3012315099083467,0.020560529442124244,0.05676624317634528,0.10829285435631145,0.46983455050788614,100.0,11456729967.07,140776321.92000008,1.2287652962462456,12055592815.338205,-154264897.49809647,-1.2796127064098153,0.16218132564226773,40.79038191981468,-50.040859438000695,False,False,False,True
2024,252,DOJ,Department of Justice,department-of-justice,9399809214.82,1.0261971514633745,9646057440.547462,8209759051.95,1189901602.87,0.8734101531357052,0.6734744429807218,0.007055820045234221,0.319469736974044,0.3265255570192782,3069302231.75,989067749.14,0.10522210893180772,1467762076.71,0.15614807100508865,0.3193428415799482,2.0354622914730967,684444642.1416668,112.75645532357831,0.0012885308407654852,unconcentrated,0.4832193669231255,0.058941060888394785,0.15398934134831993,0.2504060629335947,0.653866154370421,100.0,9960834896.24,-561025681.4200001,-5.632315837618944,10481504753.541103,-835447312.9936409,-7.970681048552603,-0.25070552653293493,40.79038191981468,-50.040859438000695,False,False,False,True
2024,456,TREAS,Department of the Treasury,department-of-the-treasury,9291332007.11,1.0261971514633745,9534738438.996761,8124408737.57,1166923269.540001,0.8744073219375826,0.9172646065816363,0.02968668177082964,0.05304871164753394,0.08273539341836358,768722534.63,1486161390.0,0.1599513814448505,1484016578.15,0.15972054136203367,0.3295231618089947,2.0908829043973336,709738910.8908334,222.24174084325767,0.012347650590228049,unconcentrated,0.6148856721969271,0.07561375238473732,0.21082474812664492,0.4156220436127917,0.8063729754524632,100.0,10257934018.66,-966602011.5499992,-9.422969671979494,10794133754.659636,-1259395315.6628742,-11.667405132155377,-0.47881988618244486,40.79038191981468,-50.040859438000695,False,False,False,True
2024,731,DOT,Department of Transportation,department-of-transportation,8564937483.21,1.0261971514633745,8789314447.731987,7026154642.45,1538800081.0,0.8203376280802842,0.6042585853902029,0.1666893974893238,0.22905201712047327,0.39574141460979706,3389500475.65,1058724641.28,0.12361148500563335,1118968677.05,0.1306452824954688,0.3110466249126129,1.6530629885753927,405223886.7825,104.88843942035322,0.0004937817596316386,unconcentrated,0.4615919274236986,0.05359544640458468,0.14509171595894188,0.24553987532689112,0.6672690087830117,100.0,8692390255.63,-127452772.41999912,-1.4662569060040633,9146756344.532125,-357441896.8001385,-3.907854143439767,0.0,40.79038191981468,-50.040859438000695,False,False,False,True
2024,209,DOI,Department of the Interior,department-of-the-interior,8121263990.93,1.0261971514633745,8334017973.774443,7353650654.37,767654639.0900002,0.9054764460451715,0.6786534251060753,0.016149619858181634,0.305196955035743,0.32134657489392465,2609766688.06,1698936449.68,0.2091960625313262,2052349033.8,0.25271300577005096,0.496259994615503,3.7199136140929143,1375577034.5558333,76.16676123002544,-0.002407397855552986,unconcentrated,0.49689415288903693,0.04406392903366518,0.1277030174118544,0.22667931825094978,0.5281198994934836,100.0,7631701517.55,489562473.3800001,6.4148535192865355,8030623594.012419,303394379.7620239,3.7779678777154095,0.47427028068246485,40.79038191981468,-50.040859438000695,False,False,False,True
2024,801,USAID,Agency for International Development,agency-for-international-development,7444753388.62,1.0261971514633745,7639784720.749148,7207516911.68,237254594.30999947,0.9681313799732999,0.1352777554243047,0.7880306576021427,0.07669158697355244,0.8647222445756952,6437643860.5199995,369958393.91,0.049693841366930426,1881824195.21,0.25277186455719863,0.44377646644282087,3.7210730943388373,1261428079.4916668,795.3493259223084,0.07023730564871802,unconcentrated,0.6964301710189482,0.20287326280393622,0.48352343836432476,0.5922980153056985,0.9286645639892119,100.0,6684456104.63,760297283.9899998,11.37410841045659,7033864045.0675,605920675.6816483,8.614335901282459,0.7727088359479032,40.79038191981468,-50.040859438000695,False,False,False,True
2024,183,DOC,Department of Commerce,department-of-commerce,5185009413.32,1.0261971514633745,5320841890.259767,4202879991.1,982133839.7400002,0.8105822140920135,0.5944018290057956,0.12947708076515407,0.2761210902290503,0.40559817099420437,2103031715.8300002,1226493677.3,0.23654608497897925,1257510276.09,0.24252806038491004,0.47551416965920085,3.521990089282594,825426158.3133333,119.60127408298324,0.001979926675048811,unconcentrated,0.5001840873335666,0.056749629083429426,0.16301429675684861,0.2822567169734235,0.6611291073346484,100.0,5025752200.72,159257212.59999943,3.168823416665547,5288456854.3396845,32385035.920082092,0.6123721307002263,0.27893034445551906,40.79038191981468,-50.040859438000695,False,False,False,True
2024,1068,ED,Department of Education,department-of-education,2724859964.87,1.0261971514633745,2796243534.0861845,2669121369.17,55738595.69999981,0.9795444182752125,0.8583390831929415,0.12453415584283359,0.01712676096422497,0.14166091680705856,386006160.79999995,108176706.11,0.03969991394224216,331795420.92,0.12176604493355299,0.21899681965435225,1.5251363108224867,104723757.18083337,649.569024242842,0.05551202265079212,unconcentrated,0.7676971992186852,0.1494973528591715,0.438874850094197,0.6964087781481766,0.9823461742510886,100.0,2445985962.83,278874002.03999996,11.40129200567216,2573841827.8748,222401706.2113843,8.640845906021333,0.7743446931605465,40.79038191981468,-50.040859438000695,False,False,False,True
2024,700,EPA,Environmental Protection Agency,environmental-protection-agency,2212865855.25,1.0261971514633745,2270836637.228114,2064698652.52,148242104.75999975,0.9330112637347738,0.4879278257461269,0.1679881488944633,0.34408402535940974,0.5120721742538731,1133265937.49,269550314.75,0.12181050835526014,587909240.16,0.2656777584439616,0.4653024668382686,3.9797995723115465,403503752.22249997,212.60840617500207,0.01137458648232344,unconcentrated,0.5621939170272277,0.078522903630943,0.2066167727452895,0.36695967452046935,0.8671859447726005,100.0,1863311252.45,349554602.79999995,18.759861098911056,1960709714.9309816,310126922.2971325,15.817074803857398,1.2171694273594766,40.79038191981468,-50.040859438000695,False,False,False,True
2024,267,DOL,Department of Labor,department-of-labor,2189866927.54,1.0261971514633745,2247235203.1254,2079149831.25,110724742.38999987,0.9494378610890241,0.7504216244784151,0.0025204277042532035,0.24705794781733165,0.24957837552158485,547829223.88,667904907.29,0.30499794251895246,276404903.78,0.12621995442001632,0.5319855431483612,1.58898055139105,93915993.15166664,240.05710058960616,0.014147181877737997,unconcentrated,0.5428554803397587,0.08636220586355493,0.23511350715195248,0.4028301104446388,0.8655886061576117,100.0,2478804629.44,-288937701.9000001,-11.656332188038375,2608375982.256522,-361140779.1311221,-13.845426487123877,-0.6132194073410232,40.79038191981468,-50.040859438000695,False,False,False,True
2024,539,SSA,Social Security Administration,social-security-administration,1874810926.29,1.0261971514633745,1923925632.0912087,1613782746.01,261028180.27999997,0.8607709307537802,0.9104646400857622,0.0217195227744564,0.06781583713978133,0.08953535991423774,167909336.47,52333158.53,0.02791383269435085,571418726.56,0.3047873887159177,0.4717515178664966,4.822497781912515,415184482.7025,453.63417515500174,0.03572062375303048,unconcentrated,0.6705190545508246,0.16852092862783377,0.3196022532339965,0.501554673676224,0.894891627552037,100.0,1937692238.12,-62881311.82999992,-3.2451650779697103,2038978721.7958045,-115053089.7045958,-5.642682215107388,-0.10705132049908676,40.79038191981468,-50.040859438000695,False,False,False,True
2024,882,HUD,Department of Housing and Urban Development,department-of-housing-and-urban-development,1525527557.97,1.0261971514633745,1565492034.467692,476103158.36,1116207262.2399998,0.2990014711959237,0.44064157874627446,3.45584074142645e-05,0.5593238628463113,0.5593584212537256,853384620.6700001,161145524.09,0.10563265360111507,0.0,0.0,0.42195899840610285,0.0,0.0,2412.791798057375,0.23361533313710858,moderately concentrated,0.7631149773459558,0.47918075676242583,0.5946529104312908,0.7517006311285208,1.1045125704331167,100.0,431141789.9,1094385768.0700002,253.83430549004183,453678307.82868415,1111813726.6390078,245.0665388786553,15.363503726253056,40.79038191981468,-50.040859438000695,True,False,True,True
2024,803,SBA,Small Business Administration,small-business-administration,336098854.95,1.0261971514633745,344903687.55979186,289178715.69,46920139.25999999,0.8603978009178874,0.7969469341984142,0.0,0.20305306580158583,0.20305306580158583,68245902.91,140195662.85,0.41712627337232766,79321715.53,0.23600709839312115,0.4538066751304176,3.398039532650231,51313477.61750001,528.3864787455793,0.04327136148945246,unconcentrated,0.6137692061349083,0.166831792474692,0.3594357872714913,0.5243564527948714,1.0163336540102663,100.0,382451895.67,-46353040.72000003,-12.119966261063041,402443309.6445659,-57539622.08477402,-14.297572032093777,-0.6411200266803676,40.79038191981468,-50.040859438000695,False,False,False,True
2025,1173,DOD,Department of Defense,department-of-defense,491685487925.19,1.0,491685487925.19,259277556124.81,232407862797.14,0.5273240697137037,0.6960284661392986,0.29540673357455377,0.008564800286147594,0.3039715338607013,149458393479.97,30521572234.69,0.06207539775779158,92338643713.72,0.18780022185191955,0.36325066795871097,2.5434659008174187,51364853053.2875,99.44765133031814,-5.579279491735957e-05,unconcentrated,0.5019416090191913,0.06932966571794885,0.15579336971073043,0.2357068412124322,0.5286523465889003,100.0,446045331581.31,45640156343.880005,10.23217890927757,457730448692.2767,33955039232.91333,7.418129890620549,0.8858991832659735,39.089656592214034,-72.6521744610898,False,False,False,True
2025,561,VA,Department of Veterans Affairs,department-of-veterans-affairs,78313337208.43,1.0,78313337208.43,72222441877.05,6090895331.37999,0.9222240355411091,0.9844764087037382,0.0006667557029402044,0.014856835593321604,0.015523591296261808,1215704239.87,7136840566.62,0.09113186618041044,10136469377.96,0.1294347775141022,0.38669608923382914,1.6354691364646008,3610357943.9241667,1234.2020885646298,0.11456586753178079,unconcentrated,0.8280138387476383,0.28718648234772226,0.594422438522375,0.6916713036926897,0.8474503975868876,100.0,66875573383.34,11437763825.089996,17.103051602305015,68627522908.46337,9685814299.966621,14.113600330418066,1.1611375742164851,39.089656592214034,-72.6521744610898,False,False,False,True
2025,930,DOE,Department of Energy,department-of-energy,48549337828.87,1.0,48549337828.87,47074523728.69,1476094088.6299973,0.9695968011327054,0.03245007943336917,0.9368470786962224,0.03070284187040847,0.9675499205666308,46976428751.2,780712606.98,0.01608080855256788,4258270610.18,0.08758662048303321,0.20477698368878108,1.0559389493207771,206785552.0208335,515.1999297790007,0.04193938684636371,unconcentrated,0.7757804158954693,0.11685861079955434,0.35383094214057226,0.6050993848896694,0.9980591303934534,100.0,46043810154.91,2505527673.959999,5.4416167244422,47250026823.489044,1299311005.3809586,2.7498630005751488,0.6939953762225805,39.089656592214034,-72.6521744610898,False,False,False,True
2025,766,DHS,Department of Homeland Security,department-of-homeland-security,28336601669.43,1.0,28336601669.43,25791885982.76,2542209657.2800026,0.9102773672547534,0.8016629655077117,0.03290746673528354,0.16542956775700488,0.1983370344922884,5622671104.179999,3276227470.03,0.11561822085265959,12081212658.26,0.42634656050846825,0.5613042478967784,8.175340445531106,9719829185.8075,184.73019663278234,0.008558605720483066,unconcentrated,0.4970101182838762,0.11035551600294993,0.19555208664340393,0.2954257355119321,0.6755279563046859,100.0,23607875688.36,4728725981.07,20.03029007561881,24226334783.496487,4110266885.9335136,16.966111145849094,1.278399011492267,39.089656592214034,-72.6521744610898,False,False,False,True
2025,614,GSA,General Services Administration,general-services-administration,23810677070.15,1.0,23810677070.15,21917954238.81,1892722831.3400002,0.9205094913612183,0.4499391342186241,0.4611876608219082,0.08887320495946771,0.5500608657813759,13097487229.86,1367547121.46,0.05743419716419617,4246183827.58,0.17833108294527175,0.37298258169959936,2.387387269594539,2261960738.400833,225.38451109359738,0.012665102130666402,unconcentrated,0.6020649094144723,0.0990939877248579,0.22452541751078905,0.37713328453676886,0.779533218739885,100.0,26502128197.23,-2691451127.079998,-10.15560375774391,27196408463.714603,-3385731393.564602,-12.449185700684847,0.06919063006948152,39.089656592214034,-72.6521744610898,False,False,False,True
2025,806,HHS,Department of Health and Human Services,department-of-health-and-human-services,21290230376.02,1.0,21290230376.02,18839628110.68,2453442194.4399986,0.8847774341941632,0.507973628873656,0.2882406026125491,0.20374246058877168,0.4919830632013208,10483489599.630001,2882494374.91,0.1353904736585971,6054666941.36,0.2843871031184145,0.49439007631619963,4.371439011139287,4280481076.6916666,79.63380313209623,-0.002057191602818562,unconcentrated,0.39800553262782734,0.044607760509707495,0.12944817601570752,0.21190833216213392,0.6130135070919696,100.0,29868609670.72,-8578379294.700001,-28.720383671253803,30651082162.264267,-9360851786.244267,-30.540036846623224,-0.6744907594765952,39.089656592214034,-72.6521744610898,False,False,False,True
2025,862,NASA,National Aeronautics and Space Administration,national-aeronautics-and-space-administration,15782680383.9,1.0,15782680383.9,10420589085.49,5362147082.110001,0.6602523779674007,0.33193534509791883,0.6616559244146298,0.00640873048745133,0.6680646549020811,10543850924.1,1478222277.78,0.09366104120615297,3304791530.54,0.20939355357606027,0.41663300110086443,2.9133699829479625,1989568165.215,449.8998110526246,0.03534341525784087,unconcentrated,0.6782895427792166,0.14554533123367816,0.35778272664510785,0.5321824104306222,0.894256576963792,100.0,15016134539.27,766545844.6299992,5.104814708641151,15409514490.189667,373165893.7103329,2.421658994823657,0.6805035173220303,39.089656592214034,-72.6521744610898,False,False,False,True
2025,315,DOS,Department of State,department-of-state,9865475459.76,1.0,9865475459.76,7239963750.27,2625624352.6399994,0.7338603309552795,0.6625697524373736,0.048354002891175474,0.28907624467145104,0.3374302475626265,3335528392.3300004,1000055133.45,0.10136917754537991,3051597681.93,0.30932089328862783,0.4846304526762577,4.9263540667617,2229474726.95,131.0400642807073,0.0031353600283542723,unconcentrated,0.4916297463297683,0.06269469665733138,0.15762365710327658,0.27772922520012583,0.7366465883456564,100.0,11655552530.72,-1790077070.959999,-15.358148541152175,11960894805.75659,-2095419345.9965897,-17.518917940722105,-0.13921667406910368,39.089656592214034,-72.6521744610898,False,False,False,True
2025,95,USDA,Department of Agriculture,department-of-agriculture,9569572358.2,1.0,9569572358.2,8525701718.65,1043877510.5500011,0.890917094101193,0.9816338201504197,0.0011254398484375607,0.01724074000114282,0.018366179849580378,175762609.71,2415323165.92,0.252396144311543,2001391292.03,0.2091411420610705,0.43446397082283356,2.9089293741582214,1203926928.8466666,39.569893651233635,-0.006104051146340037,unconcentrated,0.3246189054447157,0.026386556467555233,0.07434250682376536,0.13355229382793382,0.5058712880248881,100.0,11597506288.99,-2027933930.789999,-17.485948101750132,11901327917.840109,-2331755559.640108,-19.592398224275488,-0.2244536088064487,39.089656592214034,-72.6521744610898,False,False,False,True
2025,731,DOT,Department of Transportation,department-of-transportation,9022525885.22,1.0,9022525885.22,7350900869.82,1671866509.2299995,0.8147057949081218,0.64153885720117,0.13486254258852848,0.22359860021030148,0.35846114279882996,3235251997.94,1063850925.87,0.11791054294593024,1903361462.24,0.21095660865411744,0.42525599157163785,2.94093166566815,1151484305.1383333,161.07611154296217,0.006169304196258803,unconcentrated,0.47359752448718173,0.10174951796523608,0.15774445854807279,0.25773286445420923,0.6904427512460503,100.0,8564937483.21,457588402.0099993,5.342577256483401,8789314447.731987,233211437.4880123,2.6533518498497988,0.690027981537879,39.089656592214034,-72.6521744610898,False,False,False,True
2025,456,TREAS,Department of the Treasury,department-of-the-treasury,8556933934.18,1.0,8556933934.18,7538275423.68,1018658510.5,0.8809551974649414,0.9139334244245775,0.01921085751911358,0.06685571805630887,0.08606657557542245,736466001.14,1232449104.37,0.1440292882766196,1343348594.1,0.15698947829129536,0.26576564100677813,2.0484729629518905,630270766.2516665,370.83772099314274,0.0273573455548629,unconcentrated,0.6358468104057755,0.15550953151393213,0.2844732493290271,0.4429316570483963,0.8272937842739558,100.0,9291332007.11,-734398072.9300003,-7.904120446541113,9534738438.996761,-977804504.816761,-10.255179112387323,0.15938217800141363,39.089656592214034,-72.6521744610898,False,False,False,True
2025,252,DOJ,Department of Justice,department-of-justice,8531620050.47,1.0,8531620050.47,7274223889.39,1257245304.4300003,0.8526343732987139,0.6622193523935418,0.00736295596597031,0.3304176916404879,0.3377806476064582,2881816145.78,1069460424.73,0.1253525612255886,1558940258.82,0.18272499825330585,0.3594719111783521,2.4593618751223416,847971921.2808332,94.3448078506255,-0.0005712315302398487,unconcentrated,0.45393880105052364,0.059779144821610265,0.12457198620342348,0.22478672106645795,0.6416388090006926,100.0,9399809214.82,-868189164.3499994,-9.23624240140096,9646057440.547462,-1114437390.0774622,-11.55329415096467,0.10601907264544473,39.089656592214034,-72.6521744610898,False,False,False,True
2025,209,DOI,Department of the Interior,department-of-the-interior,6554582845.32,1.0,6554582845.32,5807215872.76,747366972.5599995,0.8859779500546519,0.7847911124595727,0.01463305843144876,0.2005758291089785,0.21520888754042727,1410604554.3600001,1436620980.71,0.21917809487079007,1381919899.28,0.21083262381322965,0.43242539109468286,2.9387414278978716,835704662.17,75.79531914778062,-0.0024449172577999377,unconcentrated,0.4684925154835238,0.045550429056393116,0.1357222562523838,0.22844050314645142,0.5255122513646154,100.0,8121263990.93,-1566681145.6100006,-19.291099850462974,8334017973.774443,-1779435128.454443,-21.35146737208852,-0.29676568398744063,39.089656592214034,-72.6521744610898,False,False,False,True
2025,183,DOC,Department of Commerce,department-of-commerce,4158787229.18,1.0,4158787229.18,3470835283.38,687951945.8000002,0.8345787105978861,0.6229051548137382,0.07240313485233289,0.304691710333929,0.3770948451862619,1568260997.31,965560629.95,0.23217360656856265,967801606.1,0.23271245985114375,0.4458468477252669,3.3362161177098804,621236003.6683333,104.1357367696623,0.0004177511888547778,unconcentrated,0.45265306174341324,0.041309298579786595,0.13991240421903675,0.26769240527592647,0.6865542359311744,100.0,5185009413.32,-1026222184.1399999,-19.792098766565253,5320841890.259767,-1162054661.0797668,-21.839676597175387,-0.31683506115344134,39.089656592214034,-72.6521744610898,False,False,False,True
2025,801,USAID,Agency for International Development,agency-for-international-development,4099062195.34,1.0,4099062195.34,3966413953.7599998,132696439.03999996,0.9676279908750254,0.08591551045200052,0.8679100132845572,0.046174476263442246,0.9140844895479995,3747046283.73,172694167.26,0.04213016515248941,589545809.49,0.1387540011398407,0.3448348012693531,1.7721928630824004,235474452.60000002,1210.2439258394616,0.11214585109489511,unconcentrated,0.7720958153535891,0.3027638877401957,0.5461542301248998,0.7070803724751954,0.9935765435591746,100.0,7444753388.62,-3345691193.2799997,-44.94025548776674,7639784720.749148,-3540722525.409148,-46.345841601960075,-1.3242381234076683,39.089656592214034,-72.6521744610898,False,False,False,True
2025,1068,ED,Department of Education,department-of-education,2502613339.39,1.0,2502613339.39,2277887371.0800004,224725968.2999997,0.91020348019256,0.9874152172175833,0.009523613879893174,0.003061168902523455,0.012584782782416629,31500197.799999997,115664459.94,0.046217471200801906,713640425.45,0.2851580842384331,0.42904477611060654,4.388017626639864,505089313.83416665,831.4262347574515,0.07388143785428804,unconcentrated,0.8220991351303053,0.15872689152085454,0.49558063344388004,0.7856672113436657,0.9961765878334476,100.0,2724859964.87,-222246625.48000002,-8.156258609443922,2796243534.0861845,-293630194.69618464,-10.500880596301256,0.14928184499349592,39.089656592214034,-72.6521744610898,False,False,False,True
2025,267,DOL,Department of Labor,department-of-labor,1754211419.51,1.0,1754211419.51,1694568420.92,59642998.589999914,0.9660001081245613,0.7937924482829258,0.02154390368373487,0.18466364803333923,0.20620755171707408,365450064.21999997,530934746.16,0.30266291751099467,416047324.59,0.233375092995907,0.5049969730558806,3.348607643061187,267485582.47166663,346.7163884474085,0.02492084731792005,unconcentrated,0.587109097536235,0.11129140947818753,0.30835136818405395,0.4656063469579665,0.931045517396194,100.0,2189866927.54,-435655508.03,-19.89415441418608,2247235203.1254,-493023783.6154001,-21.939126929380357,-0.3209232801459245,39.089656592214034,-72.6521744610898,False,False,False,True
2025,539,SSA,Social Security Administration,social-security-administration,1746308710.84,1.0,1746308710.84,1461330808.04,284977902.79999995,0.8368112688031423,0.9529554176861176,0.011531335825234955,0.03551324648864746,0.047044582313882415,82156386.66,27990355.79,0.01602829764076263,718269883.18,0.41130750749934797,0.48782465185106205,7.685476951258754,572744157.2766666,442.7679663697182,0.03462302690603213,unconcentrated,0.6941758041745651,0.1510190730556134,0.32978151726276594,0.5216639211412983,0.9203886785039707,100.0,1874810926.29,-128502215.45000005,-6.854142657696621,1923925632.0912087,-177616921.25120878,-9.232005556168419,0.20144294816072755,39.089656592214034,-72.6521744610898,False,False,False,True
2025,700,EPA,Environmental Protection Agency,environmental-protection-agency,1697433936.71,1.0,1697433936.71,1578410166.8,119071157.35000014,0.9298542165642829,0.5377662408996317,0.11081761277531069,0.35141614632505763,0.4622337591003683,784611269.39,157356042.74,0.0927023074871418,367227733.38,0.21634287228389462,0.3639697308441119,3.036751036844979,225774905.32083333,291.9567687394129,0.019389572599940695,unconcentrated,0.603885861055268,0.08349996959216857,0.28212159948220433,0.4473583493162679,0.8922442460856437,100.0,2212865855.25,-515431918.53999996,-23.29250629075158,2270836637.228114,-573402700.5181141,-25.25072438579445,-0.45705691908508567,39.089656592214034,-72.6521744610898,False,False,False,True
2025,803,SBA,Small Business Administration,small-business-administration,110860869.48,1.0,110860869.48,95339057.21,17551248.379999995,0.8445282941854777,0.913726435796175,0.0,0.08627356420382508,0.08627356420382508,10830353.11,107541974.95,0.9700625248063858,0.0,0.0,0.0,0.0,0.0,4877.680188627539,0.47638508594859286,highly concentrated,0.8408487399999522,0.649074678626632,1.0187619330405417,1.253558457838644,1.416062926949362,46.0,336098854.95,-225237985.46999997,-67.01539804516969,344903687.55979186,-234042818.07979184,-67.85744151813935,-2.2085401602753576,39.089656592214034,-72.6521744610898,False,False,False,True
2025,882,HUD,Department of Housing and Urban Development,department-of-housing-and-urban-development,-1331998929.39,1.0,-1331998929.39,81407730.22,63817180.94,0.5605631263241738,0.8017522325958976,0.0,0.19824776740410238,0.19824776740410238,37238216.77,117989085.65,,234782525.35,0.2908455236112377,0.527657336023488,4.511429972233215,167512415.07666665,386.5962532468721,0.028949116489583038,unconcentrated,0.6356432331644755,0.10332035499008052,0.30435984576089326,0.5219887467010909,1.0,100.0,1525527557.97,-2857526487.36,-187.3139867209265,1565492034.467692,-2897490963.857692,-185.085002035345,-7.027548088385213,39.089656592214034,-72.6521744610898,False,True,True,True
