level,parent,entity,w_0,w_1,s_0,s_1,within_effect,mix_effect,interaction_effect,total_effect,total_effect_pp,within_effect_pp,mix_effect_pp,fiscal_year,entity_key
Department,Government-wide,Department of Defense,0.6019913127633089,0.6305598127923169,0.579986892979744,0.5273240697137037,-0.03170256211174574,-0.003510896491752448,-0.001504497868003517,-0.03671795647150171,-3.6717956471501707,-3.170256211174574,-0.3510896491752448,2025,Government-wide | Department of Defense
Department,Government-wide,Department of Health and Human Services,0.04031124702582811,0.027303558900748048,0.9077015001523991,0.8847774341941632,-0.0009240976856788256,-0.002664242921548177,0.00029818910054349765,-0.0032901515066835053,-0.3290151506683505,-0.09240976856788256,-0.2664242921548177,2025,Government-wide | Department of Health and Human Services
Department,Government-wide,Department of Veterans Affairs,0.09025655322994247,0.10043258233564656,0.9215525342139804,0.9222240355411091,6.060739527596638e-05,0.002225209253229215,6.833217049380332e-06,0.0022926498655545615,0.22926498655545616,0.006060739527596638,0.2225209253229215,2025,Government-wide | Department of Veterans Affairs
Department,Government-wide,Department of Homeland Security,0.031861640669583316,0.036340145647261485,0.8775191242856265,0.9102773672547534,0.001043731366449225,0.0007821183058964775,0.00014670795419722562,0.001972557626542928,0.1972557626542928,0.1043731366449225,0.07821183058964774,2025,Government-wide | Department of Homeland Security
Department,Government-wide,Agency for International Development,0.010047581598323438,0.0052568236280972295,0.9681313799732999,0.9676279908750254,-5.0578430406197e-06,-0.001270751010577294,2.4116153346836423e-06,-0.0012733972382832299,-0.12733972382832298,-0.00050578430406197,-0.1270751010577294,2025,Government-wide | Agency for International Development
Department,Government-wide,Department of Housing and Urban Development,0.0020588811769943556,0.0,0.2990014711959237,0.5605631263241738,0.0005385243683670433,0.000831539685176348,-0.0005385243683670433,0.000831539685176348,0.0831539685176348,0.053852436836704334,0.0831539685176348,2025,Government-wide | Department of Housing and Urban Development
Department,Government-wide,Department of Agriculture,0.01565221635867999,0.012272454450815975,0.9011037954852245,0.890917094101193,-0.00015944445404412496,-0.0006699463039782269,3.4428625304535076e-05,-0.0007949621327178167,-0.07949621327178168,-0.015944445404412495,-0.06699463039782269,2025,Government-wide | Department of Agriculture
Department,Government-wide,Department of the Interior,0.010960613249476713,0.008405894892927073,0.9054764460451715,0.8859779500546519,-0.00021371547349855846,-0.0005175746455124595,4.9813165632090155e-05,-0.0006814769533789278,-0.06814769533789278,-0.021371547349855847,-0.05175746455124595,2025,Government-wide | Department of the Interior
Department,Government-wide,Department of State,0.015730556676997274,0.012651934034628155,0.7639046227288132,0.7338603309552795,-0.0004726134345638154,-0.00018786911703698022,9.249503692794523e-05,-0.0005679875146728504,-0.05679875146728504,-0.04726134345638154,-0.018786911703698023,2025,Government-wide | Department of State
Department,Government-wide,Department of Justice,0.012686162343395422,0.010941337244954566,0.8734101531357052,0.8526343732987139,-0.00026356491582271295,-0.00029754377899464667,3.625010209926391e-05,-0.0005248585927180958,-0.05248585927180958,-0.026356491582271296,-0.029754377899464668,2025,Government-wide | Department of Justice
Department,Government-wide,Department of Education,0.0036775231376886537,0.0032094650697061314,0.9795444182752125,0.91020348019256,-0.0002550029041879909,-0.0001294946074321256,3.245558551106204e-05,-0.0003520419261090545,-0.03520419261090545,-0.02550029041879909,-0.01294946074321256,2025,Government-wide | Department of Education
Department,Government-wide,National Aeronautics and Space Administration,0.020266062446789176,0.020240426517829507,0.6453873917056109,0.6602523779674007,0.0003012547398520949,1.4738986405651441e-06,-3.8107773179370073e-07,0.00030234756076086635,0.030234756076086635,0.03012547398520949,0.0001473898640565144,2025,Government-wide | National Aeronautics and Space Administration
Department,Government-wide,Department of Energy,0.06214160704588859,0.0622618770013831,0.966576617786906,0.9695968011327054,0.00018767904668120676,3.1714676247480026e-05,3.6323731658455805e-07,0.00021975696024527133,0.021975696024527133,0.018767904668120675,0.0031714676247480028,2025,Government-wide | Department of Energy
Department,Government-wide,Department of the Treasury,0.012539759428600344,0.01097380091973289,0.8744073219375826,0.8809551974649414,8.210878388149901e-05,-0.0002686033120773354,-1.0253701397072489e-05,-0.0001967482295929089,-0.01967482295929089,0.0082108783881499,-0.02686033120773354,2025,Government-wide | Department of the Treasury
Department,Government-wide,Environmental Protection Agency,0.002986526092422997,0.0021768664149022727,0.9330112637347738,0.9298542165642829,-9.428603749681336e-06,-0.00018632730305201338,2.556133793977396e-06,-0.00019319977300771734,-0.019319977300771736,-0.0009428603749681336,-0.018632730305201337,2025,Government-wide | Environmental Protection Agency
Department,Government-wide,Department of Labor,0.002955486299594748,0.0022496804389164084,0.9494378610890241,0.9660001081245613,4.894949420403397e-05,-0.0001740213716319879,-1.1689731023684624e-05,-0.00013676160845163857,-0.013676160845163857,0.004894949420403397,-0.017402137163198793,2025,Government-wide | Department of Labor
Department,Government-wide,Social Security Administration,0.0025302806929940374,0.0022395456462046383,0.8607709307537802,0.8368112688031423,-6.062467004436299e-05,-4.590417516065994e-05,6.9659134382769005e-06,-9.956293176674603e-05,-0.009956293176674604,-0.006062467004436299,-0.004590417516065994,2025,Government-wide | Social Security Administration
Department,Government-wide,General Services Administration,0.035767779225290945,0.030535894274952624,0.8913283334088522,0.9205094913612183,0.0010437452151785733,-0.0009859354650106767,-0.00015267246112442957,-9.486271095653299e-05,-0.009486271095653299,0.10437452151785734,-0.09859354650106768,2025,Government-wide | General Services Administration
Department,Government-wide,Office of Personnel Management,0.0007251984263133585,0.00025465085046851585,0.9043406293311369,0.9297261633791541,1.8409549342746286e-05,-9.479640293701103e-05,-1.1945101507821229e-05,-8.833195510208598e-05,-0.008833195510208598,0.0018409549342746287,-0.009479640293701103,2025,Government-wide | Office of Personnel Management
Department,Government-wide,Department of Transportation,0.011559403482543485,0.01157089719508617,0.8203376280802842,0.8147057949081218,-6.510063198339827e-05,1.3500142515155618e-06,-6.473067156918794e-08,-6.38153484034519e-05,-0.0063815348403451905,-0.006510063198339827,0.00013500142515155618,2025,Government-wide | Department of Transportation
Department,Government-wide,Small Business Administration,0.00045360544452355234,0.00014217301673938816,0.8603978009178874,0.8445282941854777,-7.198494655724219e-06,-4.905588124102679e-05,4.942279009411498e-06,-5.1312096887339513e-05,-0.005131209688733951,-0.0007198494655724218,-0.004905588124102679,2025,Government-wide | Small Business Administration
Department,Government-wide,Department of Commerce,0.006997787898259015,0.005333417725507107,0.8105822140920135,0.8345787105978861,0.0001679223928494104,-0.0001792549101667655,-3.993905303491984e-05,-5.1271570352274935e-05,-0.005127157035227493,0.01679223928494104,-0.01792549101667655,2025,Government-wide | Department of Commerce
Department,Government-wide,Millennium Challenge Corporation,0.00014107334257673645,5.180749809184752e-05,0.9603681385715579,0.49247257254529947,-6.600759147615837e-05,-2.2984818767848523e-05,4.176709283206907e-05,-4.722531741193782e-05,-0.004722531741193782,-0.0066007591476158365,-0.0022984818767848524,2025,Government-wide | Millennium Challenge Corporation
Department,Government-wide,District of Columbia Courts,0.00013697192407795145,8.02255354815093e-05,0.8326990968267152,0.616026995926517,-2.967799455431218e-05,-7.36671573375158e-06,1.2295359235690169e-05,-2.4749351052373595e-05,-0.0024749351052373593,-0.002967799455431218,-0.0007366715733751581,2025,Government-wide | District of Columbia Courts
Department,Government-wide,Corporation for National and Community Service,0.00013166517915563566,3.880496881424347e-05,0.9163978574163634,0.8040935414699407,-1.4786567879036849e-05,-1.9827232669511284e-05,1.0428602401030972e-05,-2.4185198147517166e-05,-0.0024185198147517167,-0.0014786567879036849,-0.0019827232669511283,2025,Government-wide | Corporation for National and Community Service
Department,Government-wide,Pension Benefit Guaranty Corporation,0.0004174991177487842,0.000373995281095717,0.960535442553575,0.9266267119247888,-1.415686512149941e-05,-1.1208962580909539e-05,1.4751598783875714e-06,-2.3890667824021377e-05,-0.002389066782402138,-0.001415686512149941,-0.001120896258090954,2025,Government-wide | Pension Benefit Guaranty Corporation
Department,Government-wide,Consumer Financial Protection Bureau,0.00025420026423465136,0.00014908857932809788,0.9317744743343926,0.964072793899962,8.210241367902949e-06,-2.405939276293624e-05,-3.3949307891873007e-06,-1.9244082184220594e-05,-0.0019244082184220594,0.0008210241367902949,-0.002405939276293624,2025,Government-wide | Consumer Financial Protection Bureau
Department,Government-wide,Railroad Retirement Board,4.6095902325043e-05,5.512572193551138e-05,0.539632697488369,0.914562768259573,1.7282739920990877e-05,-1.4741015197077315e-06,3.3855509056041153e-06,1.9194189306887264e-05,0.0019194189306887264,0.0017282739920990876,-0.00014741015197077315,2025,Government-wide | Railroad Retirement Board
Department,Government-wide,National Science Foundation,0.0010468484127374026,0.0009118674224301594,0.8817317856597401,0.9273379434267516,4.774273386944754e-05,-2.4141474158733285e-05,-6.1559643394995795e-06,1.744529537121468e-05,0.001744529537121468,0.004774273386944754,-0.0024141474158733286,2025,Government-wide | National Science Foundation
Department,Government-wide,U.S. International Development Finance Corporation,0.00013985160641761274,0.0001120653757806421,0.9645298703964006,0.9175196869245886,-6.57444967651961e-06,-7.270239562680281e-06,1.3062358002340724e-06,-1.253845343896582e-05,-0.001253845343896582,-0.000657444967651961,-0.0007270239562680281,2025,Government-wide | U.S. International Development Finance Corporation
Department,Government-wide,National Archives and Records Administration,0.0003009638650629347,0.00026634671071816524,0.8031105756607629,0.8581277072297783,1.6558168561686856e-05,-3.4696673050740314e-06,-1.9045365351310923e-06,1.118396472148173e-05,0.001118396472148173,0.0016558168561686855,-0.00034696673050740314,2025,Government-wide | National Archives and Records Administration
Department,Government-wide,Peace Corps,0.0001350514920381978,8.801315771323638e-05,0.9408601024199201,0.9500025726308085,1.2347042428952445e-06,-1.1194146852257598e-05,-4.300465703357654e-07,-1.0389489179698119e-05,-0.001038948917969812,0.00012347042428952445,-0.0011194146852257598,2025,Government-wide | Peace Corps
Department,Government-wide,Executive Office of the President,8.432160483818706e-05,7.9634985578492e-05,0.8290586027825056,0.7239428177053342,-8.863531691533052e-06,-5.913470080754857e-07,4.926376628406375e-07,-8.9622410367679e-06,-0.0008962241036767901,-0.0008863531691533052,-5.913470080754857e-05,2025,Government-wide | Executive Office of the President
Department,Government-wide,Equal Employment Opportunity Commission,6.990123773830142e-05,6.234005854475878e-05,0.45701893938271615,0.5703297687212887,7.92056721991966e-06,1.8590060893052612e-06,-8.567634851978763e-07,8.922809824027046e-06,0.0008922809824027046,0.000792056721991966,0.0001859006089305261,2025,Government-wide | Equal Employment Opportunity Commission
Department,Government-wide,Federal Communications Commission,0.00021100399884048715,8.050722962433943e-05,0.7971397148652718,0.8403657676515627,9.120869991997357e-06,-1.2300475155784245e-05,-5.64086023457762e-06,-8.820465398364507e-06,-0.0008820465398364507,0.0009120869991997358,-0.0012300475155784245,2025,Government-wide | Federal Communications Commission
Department,Government-wide,Government Accountability Office,0.00017011676105252086,0.00015055728311899426,0.9672172689217342,0.9507460951237731,-2.802022737242299e-06,-5.17028202631093e-06,3.221675604405025e-07,-7.650137203112725e-06,-0.0007650137203112725,-0.0002802022737242299,-0.000517028202631093,2025,Government-wide | Government Accountability Office
Department,Government-wide,Consumer Product Safety Commission,4.7642038390937865e-05,4.220869651445066e-05,0.7076114327093453,0.5678356713633267,-6.65920218816959e-06,-2.5702782405593364e-08,7.594494974392044e-07,-5.9254554731359784e-06,-0.0005925455473135979,-0.000665920218816959,-2.5702782405593365e-06,2025,Government-wide | Consumer Product Safety Commission
Department,Government-wide,Securities and Exchange Commission,0.0007454487146151735,0.0006388621842256171,0.8690289037656598,0.9056247759562139,2.728034588466977e-05,-1.770914280201181e-05,-3.900627043370821e-06,5.670576039287139e-06,0.0005670576039287138,0.002728034588466977,-0.001770914280201181,2025,Government-wide | Securities and Exchange Commission
Department,Government-wide,Nuclear Regulatory Commission,0.0002603736584173378,0.0002352102116423213,0.7540881844862808,0.7804194865957864,6.855977461144144e-06,-1.2885526156413066e-06,-6.625863191494241e-07,4.904838526353414e-06,0.0004904838526353413,0.0006855977461144144,-0.00012885526156413066,2025,Government-wide | Nuclear Regulatory Commission
Department,Government-wide,Federal Trade Commission,0.00014258300256735686,0.00011938670075995698,0.9281693456139757,0.9362377552582546,1.1504180730247063e-06,-5.225859550650774e-06,-1.8715726521442948e-07,-4.262598742840498e-06,-0.00042625987428404974,0.00011504180730247063,-0.0005225859550650774,2025,Government-wide | Federal Trade Commission
Department,Government-wide,Court Services and Offender Supervision Agency,5.264640403515413e-05,4.740973132233469e-05,0.6710255140598528,0.7517719258248944,4.2510082181713035e-06,1.6681605592064206e-07,-4.228425311480764e-07,3.994981742943869e-06,0.0003994981742943869,0.00042510082181713033,1.6681605592064206e-05,2025,Government-wide | Court Services and Offender Supervision Agency
Department,Government-wide,United States Trade and Development Agency,2.7087706838604483e-05,1.9068517146860828e-05,0.9327899392166832,0.8407261094056723,-2.4937980323598393e-06,-1.8436844643752445e-06,7.38277315002901e-07,-3.5992051817321827e-06,-0.00035992051817321826,-0.00024937980323598395,-0.00018436844643752445,2025,Government-wide | United States Trade and Development Agency
Department,Government-wide,Export-Import Bank of the United States,5.6460698284296527e-05,6.629511918438853e-05,0.8850350615945132,0.9119755502064221,1.5210787991485147e-06,1.7913810213236623e-06,2.649441042636474e-07,3.577403924735825e-06,0.0003577403924735825,0.00015210787991485147,0.00017913810213236622,2025,Government-wide | Export-Import Bank of the United States
Department,Government-wide,National Gallery of Art,7.255824204478492e-05,6.899936948988068e-05,0.835062298274878,0.7939179092595603,-2.9853645369582115e-06,-4.7041686910471945e-07,1.4642763685491795e-07,-3.309353769208013e-06,-0.0003309353769208013,-0.00029853645369582116,-4.704168691047194e-05,2025,Government-wide | National Gallery of Art
Department,Government-wide,Smithsonian Institution,0.0006641056215000159,0.0005477738836232662,0.7630964131806908,0.7815973694064006,1.2286589032619593e-05,-7.004979169458181e-06,-2.152248390118491e-06,3.129361473042921e-06,0.00031293614730429207,0.0012286589032619592,-0.0007004979169458181,2025,Government-wide | Smithsonian Institution
Department,Government-wide,John F. Kennedy Center for the Performing Arts,1.0071012985735138e-05,0.0,0.9931592127849407,0.0,-1.0002119328859624e-05,-2.923396992913114e-06,1.0002119328859624e-05,-2.923396992913114e-06,-0.0002923396992913114,-0.0010002119328859625,-0.0002923396992913114,2025,Government-wide | John F. Kennedy Center for the Performing Arts
Department,Government-wide,Selective Service System,2.3629724766935503e-06,9.52078552223015e-06,0.8840197088039726,0.47990913777791877,-9.549021568754794e-07,1.29655796707513e-06,-2.892547917129533e-06,-2.5508921069298825e-06,-0.00025508921069298824,-9.549021568754795e-05,0.000129655796707513,2025,Government-wide | Selective Service System
Department,Government-wide,National Transportation Safety Board,3.029883232889935e-05,3.806822887713809e-05,0.9418958884624534,0.9525089264890512,3.2156265966811787e-07,1.8570024850691812e-06,8.2456901010175e-08,2.261022045747474e-06,0.00022610220457474739,3.215626596681179e-05,0.00018570024850691813,2025,Government-wide | National Transportation Safety Board
Department,Government-wide,National Labor Relations Board,3.470544790808637e-05,3.505940326808328e-05,0.8190923395601922,0.8782955347169094,2.0546734055037173e-06,4.113367371249116e-08,2.0955288254663192e-08,2.1167623674708717e-06,0.00021167623674708718,0.00020546734055037173,4.113367371249116e-06,2025,Government-wide | National Labor Relations Board
Department,Government-wide,U.S. Agency for Global Media,0.0001700749391358688,9.205289330079817e-05,0.7817773456200682,0.8298378672186342,8.17389028571422e-06,-6.155664694635378e-06,-3.7497802190207184e-06,-1.731554627941876e-06,-0.0001731554627941876,0.0008173890285714221,-0.0006155664694635378,2025,Government-wide | U.S. Agency for Global Media
Department,Government-wide,Federal Election Commission,2.19335320672513e-05,1.7607624602905956e-05,0.9546019055833729,0.922131376450784,-7.121933919702552e-07,-1.0889219210443427e-06,1.4046450434590905e-07,-1.6606508086686888e-06,-0.00016606508086686888,-7.121933919702551e-05,-0.00010889219210443426,2025,Government-wide | Federal Election Commission
Department,Government-wide,Merit Systems Protection Board,6.154780397586969e-06,4.106073207206113e-06,0.5967922708705538,0.867102411796733,1.663699556641419e-06,2.1734446909035562e-07,-5.537863293483258e-07,1.3272576963834487e-06,0.00013272576963834488,0.0001663699556641419,2.173444690903556e-05,2025,Government-wide | Merit Systems Protection Board
Department,Government-wide,Institute of Museum and Library Services,1.2841624775635188e-05,1.5218126818689126e-05,0.8739575350665197,0.7732344196235507,-1.293448454751595e-06,4.0656405189518893e-07,-2.393686896329737e-07,-1.1262530924893799e-06,-0.00011262530924893798,-0.0001293448454751595,4.065640518951889e-05,2025,Government-wide | Institute of Museum and Library Services
Department,Government-wide,Commodity Futures Trading Commission,0.00012096664051068855,8.70445436762661e-05,0.7879232730544848,0.8084424208638111,2.4821323766364555e-06,-2.884816743436152e-06,-6.960525189477935e-07,-1.0987368857474897e-06,-0.00010987368857474897,0.00024821323766364555,-0.0002884816743436152,2025,Government-wide | Commodity Futures Trading Commission
Department,Government-wide,National Endowment for the Arts,7.3616090011952156e-06,4.956156057192026e-06,0.9615095661453896,0.9872203831926821,1.8927298220343187e-07,-6.221191664879625e-07,-6.184616055913714e-08,-4.946923448436678e-07,-4.9469234484366775e-05,1.8927298220343185e-05,-6.221191664879625e-05,2025,Government-wide | National Endowment for the Arts
Department,Government-wide,Defense Nuclear Facilities Safety Board,9.895644299130008e-06,7.628889842744764e-06,0.5721803428523508,0.4765086950693134,-9.467325959725874e-07,2.962659948804032e-07,2.1686413396191932e-07,-4.336024671302649e-07,-4.336024671302649e-05,-9.467325959725875e-05,2.9626599488040322e-05,2025,Government-wide | Defense Nuclear Facilities Safety Board
Department,Government-wide,National Endowment for the Humanities,2.340459709405791e-06,2.4984084502303905e-06,0.6526044888591823,0.7627667412307134,2.578303131729611e-07,-7.941090572960029e-09,1.7399989048485063e-08,2.6728921164848615e-07,2.6728921164848615e-05,2.578303131729611e-05,-7.941090572960028e-07,2025,Government-wide | National Endowment for the Humanities
Department,Government-wide,International Trade Commission,2.2042666022119332e-05,2.2823701213376936e-05,0.8439878987922061,0.8277743436345354,-3.573899813717468e-07,1.1020955779901157e-07,-1.266335715353709e-08,-2.5984378072627234e-07,-2.5984378072627235e-05,-3.573899813717468e-05,1.1020955779901156e-05,2025,Government-wide | International Trade Commission
Department,Government-wide,Occupational Safety and Health Review Commission,2.509176946582245e-06,1.996719243173726e-06,0.9946212676122087,0.9631044060006255,-7.908138258440746e-08,-1.4950461584366133e-07,1.6151058520116034e-08,-2.1243493990795277e-07,-2.1243493990795277e-05,-7.908138258440745e-06,-1.4950461584366133e-05,2025,Government-wide | Occupational Safety and Health Review Commission
Department,Government-wide,Committee for Purchase from People Who Are Blind or Severely Disabled,2.9976077405405904e-06,2.647288375159304e-06,0.7744430089045098,0.8615128304039139,2.6100117089410133e-07,-2.5069604242894773e-08,-3.050224461153315e-08,2.0542932203967342e-07,2.0542932203967343e-05,2.6100117089410132e-05,-2.5069604242894772e-06,2025,Government-wide | Committee for Purchase from People Who Are Blind or Severely Disabled
Department,Government-wide,Morris K. Udall and Stewart L. Udall Foundation,2.6176990786096526e-06,3.992210467890195e-07,0.533448778045943,0.0,-1.3964083747763101e-06,3.758813665614366e-07,1.1834443951964856e-06,1.62917386981612e-07,1.62917386981612e-05,-0.000139640837477631,3.758813665614366e-05,2025,Government-wide | Morris K. Udall and Stewart L. Udall Foundation
Department,Government-wide,American Battle Monuments Commission,0.0,3.565198328223495e-07,0.0,0.2805755395683453,0.0,-2.5059096908941803e-07,1.0003074446094697e-07,-1.5056022462847106e-07,-1.5056022462847107e-05,0.0,-2.5059096908941804e-05,2025,Government-wide | American Battle Monuments Commission
Department,Government-wide,Federal Housing Finance Agency,9.90163434071119e-07,4.973475649601537e-07,1.0,1.0,0.0,-1.4642502390741927e-07,-0.0,-1.4642502390741927e-07,-1.4642502390741928e-05,0.0,-1.4642502390741928e-05,2025,Government-wide | Federal Housing Finance Agency
Department,Government-wide,Federal Mediation and Conciliation Service,1.0950196280440455e-05,1.9589158294183154e-06,0.7215061789127519,0.7395524405667873,1.9761010723987293e-07,-1.6746540560516177e-07,-1.6225899962395834e-07,-1.321142979892472e-07,-1.321142979892472e-05,1.9761010723987293e-05,-1.6746540560516178e-05,2025,Government-wide | Federal Mediation and Conciliation Service
Department,Government-wide,Federal Maritime Commission,8.83703802146168e-06,6.593060339400769e-06,0.8462723775438155,0.9145617787383886,6.034760348192937e-07,-3.2176735013362694e-07,-1.5323989220192584e-07,1.284687924837409e-07,1.284687924837409e-05,6.034760348192937e-05,-3.217673501336269e-05,2025,Government-wide | Federal Maritime Commission
Department,Government-wide,Federal Labor Relations Authority,1.998585730402651e-06,2.073272912978687e-06,0.8868403712768523,0.9117564810623884,4.9796981474518197e-08,1.3739417105032006e-08,1.8609140406368868e-09,6.539731262018709e-08,6.539731262018709e-06,4.979698147451819e-06,1.3739417105032007e-06,2025,Government-wide | Federal Labor Relations Authority
Department,Government-wide,Council of the Inspectors General on Integrity and Efficiency,2.9511585332324297e-06,5.911351841855769e-06,0.18156596406262965,0.45318418465781973,8.015884294909037e-07,-1.543192886468669e-06,8.040424391060598e-07,6.243798212829453e-08,6.243798212829453e-06,8.015884294909037e-05,-0.0001543192886468669,2025,Government-wide | Council of the Inspectors General on Integrity and Efficiency
Department,Government-wide,United States Chemical Safety Board,2.7044756478404676e-06,2.1142623828919053e-06,0.782665972560122,0.7895747577466896,1.868464129323295e-08,-4.709022782478731e-08,-4.077656661792306e-09,-3.248324319334667e-08,-3.2483243193346666e-06,1.8684641293232949e-06,-4.709022782478731e-06,2025,Government-wide | United States Chemical Safety Board
Department,Government-wide,Administrative Conference of the U.S.,1.3822799138965718e-07,3.3984804207885834e-08,1.0,1.0,0.0,-3.0972645428022045e-08,-0.0,-3.0972645428022045e-08,-3.0972645428022045e-06,0.0,-3.0972645428022045e-06,2025,Government-wide | Administrative Conference of the U.S.
Component,Department of Agriculture,Office of the Chief Financial Officer,0.13826444614180286,0.14574746074329098,0.8062410763161701,0.7714504590699499,-0.004810305424480095,-0.0007098786905803695,-0.0002603386968482504,-0.005780522811908715,-0.5780522811908715,-0.4810305424480095,-0.07098786905803695,2025,Department of Agriculture | Office of the Chief Financial Officer
Component,Department of Agriculture,Agricultural Marketing Service,0.4065782483131289,0.3833532788967856,0.9957957944626421,0.988619355266169,-0.0029177840776277316,-0.0021991580164549777,0.00016667258085633604,-0.004950269513226374,-0.4950269513226374,-0.29177840776277314,-0.21991580164549776,2025,Department of Agriculture | Agricultural Marketing Service
Component,Department of Agriculture,Under Secretary for Farm and Foreign Agricultural Services,0.026008681627639925,0.007151939929679785,0.8435991445020945,1.1175331941545532,0.007124663484380906,0.0010843996851412558,-0.005165503616572602,0.003043559552949559,0.3043559552949559,0.7124663484380905,0.10843996851412557,2025,Department of Agriculture | Under Secretary for Farm and Foreign Agricultural Services
Component,Department of Agriculture,Animal and Plant Health Inspection Service,0.022209497858073187,0.028922814860052798,0.6479740189024238,0.6153519038440834,-0.0007245207945140268,-0.0016993579969729604,-0.00021900259966169128,-0.0026428813911486783,-0.2642881391148678,-0.07245207945140268,-0.16993579969729605,2025,Department of Agriculture | Animal and Plant Health Inspection Service
Component,Department of Agriculture,Forest Service,0.33089352088988916,0.367203221076095,0.85617275044448,0.8668908309365069,0.0035465433911879922,-0.0016315277719894244,0.00038917028923711553,0.0023041859084356833,0.23041859084356833,0.35465433911879923,-0.16315277719894244,2025,Department of Agriculture | Forest Service
Component,Department of Agriculture,Agricultural Research Service,0.03161233003522647,0.03625785304230452,0.8551210388100969,0.8036897359184273,-0.001625863321153158,-0.00021362610820112101,-0.00023892530086725125,-0.00207841473022153,-0.20784147302215303,-0.1625863321153158,-0.0213626108201121,2025,Department of Agriculture | Agricultural Research Service
Component,Department of Agriculture,Food Safety and Inspection Service,0.003888308596570145,0.003293021532794991,0.750719171415073,0.8497493529965868,0.00038505990636330243,8.952357875638459e-05,-5.8951386018779663e-05,0.00041563209910090737,0.041563209910090736,0.03850599063633024,0.008952357875638459,2025,Department of Agriculture | Food Safety and Inspection Service
Component,Department of Agriculture,Rural Housing Service,0.03196993500005805,0.021460152815928973,0.8450143592182403,0.8047523240463299,-0.0012871746474160267,0.0005895152548666411,0.0004231452199465222,-0.0002745141726028634,-0.027451417260286336,-0.12871746474160267,0.05895152548666411,2025,Department of Agriculture | Rural Housing Service
Component,Department of Agriculture,Office of the Inspector General,0.0010983471991768833,0.0011143804120791441,0.7993119749977239,0.6839906868314709,-0.00012666281386287422,-1.6320918774733536e-06,-1.8489707653325097e-06,-0.00013014387650568007,-0.013014387650568006,-0.012666281386287422,-0.00016320918774733535,2025,Department of Agriculture | Office of the Inspector General
Component,Department of Agriculture,Food and Nutrition Service,0.007476684338434507,0.005495876690988089,0.9743033475123494,0.9833067915002198,6.731590865608333e-05,-0.00014498905003401208,-1.7834090704529265e-05,-9.550723208245801e-05,-0.009550723208245801,0.006731590865608333,-0.014498905003401208,2025,Department of Agriculture | Food and Nutrition Service
Component,Department of Commerce,National Oceanic and Atmospheric Administration,0.5047000767708145,0.5003583891668146,0.8202415265068395,0.8503085027850141,0.015174805235861016,-4.1938417636190155e-05,-0.00013054141819670968,0.015002325400028117,1.5002325400028116,1.5174805235861015,-0.0041938417636190155,2025,Department of Commerce | National Oceanic and Atmospheric Administration
Component,Department of Commerce,National Institute of Standards and Technology,0.07367317510527045,0.06688863862433583,0.673347146869766,0.726237314064786,0.0038965865491057345,0.0009310752251443045,-0.0003588352688173442,0.004468826505432694,0.4468826505432694,0.38965865491057344,0.09310752251443045,2025,Department of Commerce | National Institute of Standards and Technology
Component,Department of Commerce,U.S. Census Bureau,0.08098420951007153,0.06296654189464491,0.6443960603136557,0.6512416280178767,0.0005543828891740092,0.0029942839733732894,-0.00012334116353355224,0.0034253256990137465,0.34253256990137465,0.05543828891740092,0.29942839733732896,2025,Department of Commerce | U.S. Census Bureau
Component,Department of Commerce,Office of the Secretary,0.1607272535357627,0.16335196093920012,0.8565478934640371,0.8715603677348533,0.00241291375832459,0.00012064688252708189,3.940335236252516e-05,0.0025729639932141972,0.25729639932141973,0.24129137583245897,0.012064688252708188,2025,Department of Commerce | Office of the Secretary
Component,Department of Commerce,U.S. Patent and Trademark Office,0.17991528507808072,0.20643446937500443,0.8734220274447642,0.858217136858096,-0.0027355922244814324,0.0016664648711520427,-0.00040322129568241404,-0.0014723486490118036,-0.14723486490118035,-0.27355922244814324,0.16664648711520427,2025,Department of Commerce | U.S. Patent and Trademark Office
Component,Department of Defense,Department of the Navy,0.30253321248367315,0.35892763293218005,0.4575656525562912,0.36580158604579205,-0.027761677831986763,-0.006839037193728306,-0.005174981348857841,-0.03977569637457291,-3.977569637457291,-2.776167783198676,-0.6839037193728306,2025,Department of Defense | Department of the Navy
Component,Department of Defense,Department of the Army,0.2331079013433286,0.21842918436529477,0.6149694473384673,0.551029865138903,-0.014904821819309685,-0.0005303754076007157,0.0009385510308011341,-0.014496646196109266,-1.4496646196109266,-1.4904821819309684,-0.05303754076007157,2025,Department of Defense | Department of the Army
Component,Department of Defense,Department of the Air Force,0.22398282504399022,0.20015226003975978,0.4638079243271766,0.4962397717433186,0.007264176805663125,0.0027412120222810176,-0.0007728692480576557,0.009232519579886488,0.9232519579886488,0.7264176805663125,0.27412120222810177,2025,Department of Defense | Department of the Air Force
Component,Department of Defense,Defense Logistics Agency,0.11914153498934853,0.11372830420571794,0.8264110464421546,0.8143895343639466,-0.0014322614018906952,-0.0013401745051266224,6.507521924754244e-05,-0.002707360687769775,-0.2707360687769775,-0.1432261401890695,-0.13401745051266223,2025,Department of Defense | Defense Logistics Agency
Component,Department of Defense,Missile Defense Agency,0.018966547641741435,0.018467289854478056,0.544394236392093,0.45952907411178046,-0.001609599143513665,1.7195905038313214e-05,4.236959313581639e-05,-0.0015500336453395354,-0.15500336453395355,-0.1609599143513665,0.0017195905038313213,2025,Department of Defense | Missile Defense Agency
Component,Department of Defense,Defense Health Agency,0.04173229662388215,0.03749413339039891,0.855211246122644,0.8567247696135657,6.316281127035835e-05,-0.0011713184292793056,-6.4145596122375944e-06,-0.001114570177621185,-0.1114570177621185,0.006316281127035835,-0.11713184292793057,2025,Department of Defense | Defense Health Agency
Component,Department of Defense,USTRANSCOM,0.01155397807103516,0.009783745326262827,0.9961467503364925,0.9947178706795687,-1.6509244222245038e-05,-0.0007387350759531204,2.529449557025446e-06,-0.00075271487061834,-0.07527148706183401,-0.0016509244222245039,-0.07387350759531204,2025,Department of Defense | USTRANSCOM
Component,Department of Defense,Defense Advanced Research Projects Agency,0.004053382398008318,0.003695566914338914,0.762441708007607,0.6192292043620361,-0.0005804950414516592,-6.569654498119491e-05,5.124365125944619e-05,-0.0005949479351734079,-0.059494793517340785,-0.058049504145165916,-0.006569654498119491,2025,Department of Defense | Defense Advanced Research Projects Agency
Component,Department of Defense,Defense Information Systems Agency,0.015928699549878765,0.014556141568034196,0.8509577582172126,0.8611978911958043,0.00016311200156679087,-0.00037350127928303825,-1.4055176254915716e-05,-0.0002244444539711631,-0.02244444539711631,0.016311200156679088,-0.037350127928303826,2025,Department of Defense | Defense Information Systems Agency
Component,Department of Defense,Defense Threat Reduction Agency,0.0029805600784841707,0.002307269046410139,0.8407826152183664,0.8239429956566457,-5.0191497802525656e-05,-0.0001763655161665074,1.1337964834444945e-05,-0.0002152190491345881,-0.02152190491345881,-0.005019149780252565,-0.01763655161665074,2025,Department of Defense | Defense Threat Reduction Agency
Component,Department of Defense,Defense Microelectronics Activity,0.003101280724671149,0.002579387029215819,0.9611916880364283,0.9641355291720958,9.12967777053958e-06,-0.0001995484100731243,-1.5363721291269175e-06,-0.00019195510443171162,-0.019195510443171162,0.0009129677770539581,-0.01995484100731243,2025,Department of Defense | Defense Microelectronics Activity
Component,Department of Defense,Washington Headquarters Services,0.0059855619403736855,0.005398090723356069,0.5991823103422531,0.5736958667170773,-0.00015255068695833196,-1.1952181746925674e-05,1.4972552053932917e-05,-0.0001495303166513247,-0.01495303166513247,-0.015255068695833195,-0.0011952181746925673,2025,Department of Defense | Washington Headquarters Services
Component,Department of Defense,U.S. Special Operations Command,0.01104246854493869,0.008735857124510972,0.6187045240922684,0.6373273350946604,0.00020564180471225232,-9.195848400241255e-05,-4.2955588538584436e-05,7.072773217125535e-05,0.007072773217125535,0.020564180471225234,-0.009195848400241255,2025,Department of Defense | U.S. Special Operations Command
Component,Department of Defense,Defense Counterintelligence and Security Agency,0.0020740953407309684,0.0020276642113763845,0.8307866090231365,0.8607494100097918,6.214570592167095e-05,-1.1698296787788991e-05,-1.3912066884370447e-06,4.905620244544492e-05,0.004905620244544493,0.006214570592167096,-0.0011698296787788992,2025,Department of Defense | Defense Counterintelligence and Security Agency
Component,Department of Defense,Defense Commissary Agency,0.0009394202940067628,0.0009559743566916123,0.6322543105737074,0.5816069434287976,-4.757916453393963e-05,8.842706199473085e-07,-8.384196905394241e-07,-4.753331360453174e-05,-0.004753331360453174,-0.004757916453393963,8.842706199473085e-05,2025,Department of Defense | Defense Commissary Agency
Component,Department of Defense,Immediate Office of the Secretary of Defense,9.578883688286416e-06,0.00013839280957331085,1.0,0.9088036336460569,-8.73559386098778e-07,5.42516369967836e-05,-1.1747361976500367e-05,4.163071563418446e-05,0.0041630715634184455,-8.73559386098778e-05,0.00542516369967836,2025,Department of Defense | Immediate Office of the Secretary of Defense
Component,Department of Defense,Defense Human Resources Activity,0.0006620442141567246,0.0005055592826551515,0.6781482404032396,0.6468469382043922,-2.072284601631809e-05,-1.5540685354083734e-05,4.898182130496676e-06,-3.1365349239905145e-05,-0.0031365349239905146,-0.002072284601631809,-0.0015540685354083733,2025,Department of Defense | Defense Human Resources Activity
Component,Department of Defense,Department of Defense Education Activity,0.0006936588244918221,0.0006273742443677997,0.8753934097780295,0.871753725815369,-2.524698899060789e-06,-1.9657105542320934e-05,2.4125492324908633e-07,-2.1940549518132637e-05,-0.0021940549518132636,-0.0002524698899060789,-0.0019657105542320932,2025,Department of Defense | Department of Defense Education Activity
Component,Department of Defense,Defense Media Activity,0.00025297591900982897,0.00017424948326756688,0.88782201241662,0.9179355823263383,7.618008022577735e-06,-2.4325274992037007e-05,-2.3707340264675596e-06,-1.907800099592683e-05,-0.0019078000995926831,0.0007618008022577735,-0.002432527499203701,2025,Department of Defense | Defense Media Activity
Component,Department of Defense,U.S. Cyber Command,0.0003245963489450001,0.00038891172596869106,0.5344540762664337,0.5695883899566541,1.140446994653386e-05,-2.854515692726958e-06,2.2596766314551495e-06,1.080963088526205e-05,0.0010809630885262051,0.001140446994653386,-0.0002854515692726958,2025,Department of Defense | U.S. Cyber Command
Component,Department of Defense,Defense Finance and Accounting Service,0.0008209258889228643,0.000814650118236976,0.974998375398943,0.9834609058071461,6.9471102978909045e-06,-2.4862168518435e-06,-5.310890026423934e-08,4.4077845457831655e-06,0.00044077845457831657,0.0006947110297890904,-0.00024862168518435,2025,Department of Defense | Defense Finance and Accounting Service
Component,Department of Defense,Uniformed Services University of the Health Sciences,0.00011245417821760768,0.00011235405630052955,0.468880370397942,0.4926445348881452,2.672379588773853e-06,1.1009086016809515e-08,-2.3793137065192504e-09,2.6810093610841436e-06,0.0002681009361084144,0.00026723795887738535,1.1009086016809515e-06,2025,Department of Defense | Uniformed Services University of the Health Sciences
Component,Department of Defense,Office of the Inspector General,6.74475982030435e-10,7.191603438641842e-09,1.0,1.0,0.0,2.7447718141393754e-09,0.0,2.7447718141393754e-09,2.7447718141393753e-07,0.0,2.7447718141393753e-07,2025,Department of Defense | Office of the Inspector General
Component,Department of Energy,Department of Energy,0.9967393909500133,0.9968032025151645,0.9669275851662806,0.9700165607560778,0.0030789036480338688,2.2397533194138744e-08,1.9711236709889473e-07,0.003079123157934162,0.30791231579341616,0.3078903648033869,2.239753319413874e-06,2025,Department of Energy | Department of Energy
Component,Department of Energy,Federal Energy Regulatory Commission,0.0032606090499867103,0.0031967974848355154,0.859280552632934,0.8442549709875684,-4.899254749419329e-05,6.846728096640321e-06,9.58805882097846e-07,-4.118701351545513e-05,-0.004118701351545513,-0.004899254749419329,0.0006846728096640321,2025,Department of Energy | Federal Energy Regulatory Commission
Component,Department of Health and Human Services,Centers for Disease Control and Prevention,0.062025324509366146,0.07398928511893994,0.9585017791816064,0.6678737577423506,-0.01802629734128486,0.0006052518239756929,-0.0034770622005376255,-0.02089810771784679,-2.089810771784679,-1.8026297341284863,0.060525182397569294,2025,Department of Health and Human Services | Centers for Disease Control and Prevention
Component,Department of Health and Human Services,Office of Assistant Secretary for Preparedness and Response,0.2127582305924859,0.06530986990988494,0.8880506866169713,0.7452973492200103,-0.030371947475749554,0.0029285464626531772,0.021048745581152124,-0.006394655431944254,-0.6394655431944254,-3.0371947475749552,0.2928546462653177,2025,Department of Health and Human Services | Office of Assistant Secretary for Preparedness and Response
Component,Department of Health and Human Services,Centers for Medicare and Medicaid Services,0.2808445793063856,0.36942281397598514,0.9819383125332127,0.9776279468030789,-0.0012105428501361115,0.006557103044289379,-0.0003818045871555985,0.0049647556069976695,0.49647556069976695,-0.12105428501361115,0.655710304428938,2025,Department of Health and Human Services | Centers for Medicare and Medicaid Services
Component,Department of Health and Human Services,Administration for Children and Families,0.01550269771826437,0.0101233248195687,0.7191806535865148,0.9608548921423675,0.003746602666623096,0.001015257324812891,-0.0013000558492002657,0.0034618041422357216,0.34618041422357215,0.3746602666623096,0.10152573248128911,2025,Department of Health and Human Services | Administration for Children and Families
Component,Department of Health and Human Services,Indian Health Service,0.04716946334302001,0.06815128168427835,0.7728922187723745,0.7711095943085077,-8.408543930273519e-05,-0.0028329645582791897,-3.740270267153601e-05,-0.002954452700253461,-0.2954452700253461,-0.008408543930273519,-0.28329645582791896,2025,Department of Health and Human Services | Indian Health Service
Component,Department of Health and Human Services,Food and Drug Administration,0.0571216440711173,0.06709307235013393,0.8393072787374912,0.8175097533737091,-0.0012451104854611127,-0.000684088975785495,-0.000217352460824999,-0.0021465519220716066,-0.21465519220716067,-0.12451104854611127,-0.0684088975785495,2025,Department of Health and Human Services | Food and Drug Administration
Component,Department of Health and Human Services,Office of the Assistant Secretary for Administration,0.0337603637459732,0.034180695054352776,0.8393407145208631,0.8921672077809891,0.0017834416278860556,-2.8822738998088793e-05,2.2204629029133556e-05,0.0017768235179171003,0.17768235179171005,0.17834416278860557,-0.002882273899808879,2025,Department of Health and Human Services | Office of the Assistant Secretary for Administration
Component,Department of Health and Human Services,Health Resources and Services Administration,0.019191792439938564,0.023112325550220556,0.9143325086926871,0.8827799438574888,-0.0006055502752648302,2.5171062756648707e-05,-0.00012370287515071421,-0.0007040820876588957,-0.07040820876588957,-0.06055502752648302,0.0025171062756648706,2025,Department of Health and Human Services | Health Resources and Services Administration
Component,Department of Health and Human Services,Substance Abuse and Mental Health Services Administration,0.011225121001821237,0.008843399967243957,0.9917873941409029,0.9942472516176591,2.7612197823823636e-05,-0.0001997673323584779,-5.8586942944525665e-06,-0.00017801382882910683,-0.017801382882910683,0.0027612197823823634,-0.01997673323584779,2025,Department of Health and Human Services | Substance Abuse and Mental Health Services Administration
Component,Department of Health and Human Services,National Institutes of Health,0.2539003683932501,0.27337877383999043,0.8851753502555777,0.886632062824147,0.00036985985780281624,-0.00044287742910900044,2.837443802995486e-05,-4.464313327622934e-05,-0.004464313327622934,0.03698598578028162,-0.04428774291090004,2025,Department of Health and Human Services | National Institutes of Health
Component,Department of Health and Human Services,Agency for Healthcare Research and Quality,0.005977391055634504,0.006035521951170216,0.9901188923245972,0.9873230447034785,-1.671187456339144e-05,4.778749087916263e-06,-1.6252512599701406e-07,-1.209565060147219e-05,-0.001209565060147219,-0.001671187456339144,0.0004778749087916263,2025,Department of Health and Human Services | Agency for Healthcare Research and Quality
Component,Department of Health and Human Services,Office of the Inspector General,0.0005230238227430498,0.00035963577823096125,0.9907080590230476,1.0496351498587861,3.0820272312034914e-05,-1.3527854747586623e-05,-9.627982140437533e-06,7.66443542401076e-06,0.000766443542401076,0.0030820272312034915,-0.0013527854747586623,2025,Department of Health and Human Services | Office of the Inspector General
Component,Department of Homeland Security,U.S. Customs and Border Protection,0.24427679310401787,0.3591669504516412,0.8738203123155522,0.9248103901037521,0.012455692682225874,-0.00041615043968974556,0.005858258060253836,0.017897800302789965,1.7897800302789966,1.2455692682225874,-0.04161504396897456,2025,Department of Homeland Security | U.S. Customs and Border Protection
Component,Department of Homeland Security,U.S. Coast Guard,0.13655942159369217,0.12332077653610321,0.738515191630418,0.7790810059440518,0.0055396441391469525,0.0018392089471307557,-0.0005370364171702597,0.006841816669107449,0.6841816669107449,0.5539644139146952,0.18392089471307557,2025,Department of Homeland Security | U.S. Coast Guard
Component,Department of Homeland Security,Office of Procurement Operations,0.17391045085929635,0.1360868605281592,0.9242185547438962,0.9741461604985723,0.008682932427120907,-0.0017692394095664924,-0.0018884413062793925,0.005025251711275022,0.5025251711275022,0.8682932427120907,-0.17692394095664923,2025,Department of Homeland Security | Office of Procurement Operations
Component,Department of Homeland Security,U.S. Immigration and Customs Enforcement,0.13627377675498853,0.14079303588975106,0.9274775590871127,0.9033438103434445,-0.003288797088555632,0.0002261215265953844,-0.00010906666446588652,-0.003171742226426134,-0.3171742226426134,-0.3288797088555632,0.02261215265953844,2025,Department of Homeland Security | U.S. Immigration and Customs Enforcement
Component,Department of Homeland Security,Federal Emergency Management Agency,0.11486505777377538,0.09168479508407319,0.9134056911586208,0.9462676432591538,0.003774690026586762,-0.0008336368786423625,-0.0007617486821867657,0.002179304465757634,0.21793044657576338,0.3774690026586762,-0.08336368786423626,2025,Department of Homeland Security | Federal Emergency Management Agency
Component,Department of Homeland Security,Transportation Security Administration,0.09592818493801433,0.06968013501204019,0.8881910694127868,0.921040717065761,0.0031512070752031133,-0.0002821297344090721,-0.0008622391916459249,0.002006838149148116,0.2006838149148116,0.31512070752031135,-0.028212973440907212,2025,Department of Homeland Security | Transportation Security Administration
Component,Department of Homeland Security,U.S. Secret Service,0.021962399277653775,0.01829687744752856,0.7383902257443337,0.7776255813699363,0.0008617025460502247,0.0005096990423788441,-0.00014381805255837276,0.001227583535870696,0.12275835358706962,0.08617025460502246,0.05096990423788441,2025,Department of Homeland Security | U.S. Secret Service
Component,Department of Homeland Security,U.S. Citizenship and Immigration Services,0.0631151708563705,0.04936115761033538,0.9360244783482043,0.9709822975309095,0.0022063687304825406,-0.0008057376980437741,-0.0004808103080914269,0.0009198207243473395,0.09198207243473396,0.22063687304825405,-0.08057376980437742,2025,Department of Homeland Security | U.S. Citizenship and Immigration Services
Component,Department of Homeland Security,Office of the Inspector General,0.002299461871107857,0.001721911548656828,1.0003687445510703,0.9661840430599559,-7.860641765402149e-05,-7.099610863306849e-05,1.9743385369085293e-05,-0.0001298591409180047,-0.01298591409180047,-0.00786064176540215,-0.007099610863306849,2025,Department of Homeland Security | Office of the Inspector General
Component,Department of Homeland Security,Federal Law Enforcement Training Center,0.010809282971083203,0.009887499891711194,0.7678284329411742,0.7510806732354863,-0.00018103127379048533,0.00010104036601358421,1.5437801514091427e-05,-6.455310626280969e-05,-0.006455310626280969,-0.018103127379048532,0.010104036601358422,2025,Department of Homeland Security | Federal Law Enforcement Training Center
Component,Department of Housing and Urban Development,Department of Housing and Urban Development,1.0,0.0,0.2683139308703655,0.0,-0.2683139308703655,-0.0,0.2683139308703655,0.0,0.0,-26.83139308703655,-0.0,2025,Department of Housing and Urban Development | Department of Housing and Urban Development
Component,Department of Justice,Drug Enforcement Administration,0.06129018560792842,0.07148302295423092,0.8288239389029224,0.6924049501026531,-0.008361145144014412,-0.0004542381288246933,-0.0013904965637882075,-0.010205879836627312,-1.0205879836627312,-0.8361145144014412,-0.04542381288246933,2025,Department of Justice | Drug Enforcement Administration
Component,Department of Justice,Federal Bureau of Investigation,0.26989493566078276,0.24150515528353048,0.8814206716451288,0.840464506869335,-0.01105386145707528,-0.00022803491414155746,0.0011627365230793417,-0.010119159848137497,-1.0119159848137498,-1.105386145707528,-0.022803491414155747,2025,Department of Justice | Federal Bureau of Investigation
Component,Department of Justice,"Offices, Boards and Divisions",0.2221026909926051,0.2177067675811836,0.8812349890763798,0.9054205656360219,0.005371681637104194,-3.449307990563972e-05,-0.00010631794221725809,0.005230870614981296,0.5230870614981297,0.5371681637104194,-0.003449307990563972,2025,"Department of Justice | Offices, Boards and Divisions"
Component,Department of Justice,Federal Prison System / Bureau of Prisons,0.21754241690201903,0.23966950894350547,0.8071985804926933,0.7980375351419385,-0.0019929159469522025,-0.001464587849496991,-0.00020270729367238274,-0.0036602110901215765,-0.3660211090121576,-0.19929159469522026,-0.1464587849496991,2025,Department of Justice | Federal Prison System / Bureau of Prisons
Component,Department of Justice,Federal Prison Industries / Unicor,0.027200298444595882,0.022966399166188103,0.807663611606212,0.7494029513587752,-0.0015847073463094846,0.00027827206164382495,0.0002466697673811835,-0.0010597655172844762,-0.10597655172844761,-0.15847073463094846,0.027827206164382494,2025,Department of Justice | Federal Prison Industries / Unicor
Component,Department of Justice,"Bureau of Alcohol, Tobacco, Firearms and Explosives Acquisition and Property Management Division",0.034328972898151254,0.037995690070639826,0.8544726072060143,0.8363233612176809,-0.0006230449736553756,-6.93587994724167e-05,-6.654815193314119e-05,-0.0007589519250609336,-0.07589519250609336,-0.06230449736553756,-0.00693587994724167,2025,"Department of Justice | Bureau of Alcohol, Tobacco, Firearms and Explosives Acquisition and Property Management Division"
Component,Department of Justice,Office of Justice Programs,0.02396634592213859,0.0156403632910595,0.8816091188643397,0.8783770125265561,-7.746177854845807e-05,-6.844570507099997e-05,2.691046123018683e-05,-0.00011899702238927121,-0.011899702238927121,-0.007746177854845807,-0.006844570507099997,2025,Department of Justice | Office of Justice Programs
Component,Department of Justice,Office of the Inspector General,0.0008718765095869177,0.0008833213522068541,0.5555350098732896,0.6545671948244941,8.634383575202223e-05,-3.637781830208043e-06,1.1334077710749677e-06,8.383946169288916e-05,0.008383946169288916,0.008634383575202223,-0.0003637781830208043,2025,Department of Justice | Office of the Inspector General
Component,Department of Justice,U.S. Marshals Service,0.14280227706219206,0.1521497713574553,0.9835898934348436,0.9764746587625324,-0.001016071713037904,0.001030107991297714,-6.650961550888847e-05,-5.247333724907849e-05,-0.005247333724907849,-0.1016071713037904,0.1030107991297714,2025,Department of Justice | U.S. Marshals Service
Component,Department of Labor,Office of the Assistant Secretary for Administration and Management,0.9955338335644957,0.9949333662629544,0.9502965045440624,0.9665646653178549,0.01619550446017715,-5.1359674520825e-07,-9.768498600878941e-06,0.01618522236483106,1.618522236483106,1.619550446017715,-5.1359674520825005e-05,2025,Department of Labor | Office of the Assistant Secretary for Administration and Management
Component,Department of Labor,Office of Inspector General,0.004466166435504266,0.0050666337370455896,0.758783620458532,0.8551381792930542,0.0004303354965745644,-0.00011448362797202648,5.785776193457028e-05,0.00037370963053710816,0.037370963053710814,0.04303354965745644,-0.011448362797202648,2025,Department of Labor | Office of Inspector General
Component,Department of State,Department of State,0.986288793793448,0.9867890018490413,0.7625333820050072,0.7319991139491635,-0.03011560641016389,-6.858657669641538e-07,-1.527348685317679e-05,-0.03013156576278403,-3.013156576278403,-3.0115606410163887,-6.858657669641538e-05,2025,Department of State | Department of State
Component,Department of State,International Boundary and Water Commission: U.S.-Mexico,0.013711206206551918,0.01321099815095872,0.8625363254259478,0.8317375773940807,-0.0004222879851685649,-4.933641211522129e-05,1.54057818677251e-05,-0.0004562186154160611,-0.04562186154160611,-0.04222879851685649,-0.00493364121152213,2025,Department of State | International Boundary and Water Commission: U.S.-Mexico
Component,Department of Transportation,Maritime Administration,0.13335568186913704,0.10106874579144141,0.6950131993403573,0.5112942743831588,-0.02449996250993203,0.004046395133369384,0.00593172118635603,-0.01452184619020662,-1.452184619020662,-2.449996250993203,0.4046395133369384,2025,Department of Transportation | Maritime Administration
Component,Department of Transportation,Federal Aviation Administration,0.6021845786359421,0.6687804287449677,0.8090131010430753,0.8274323687247621,0.01109179894767918,-0.0007542764712475878,0.0012266467896476319,0.011564169266079224,1.1564169266079223,1.109179894767918,-0.07542764712475879,2025,Department of Transportation | Federal Aviation Administration
Component,Department of Transportation,Federal Highway Administration,0.1483303944635285,0.1342964885836351,0.9684166094759913,0.9679894809667201,-6.335614026681296e-05,-0.0020781033142688054,5.994281297730908e-06,-0.0021354651732378876,-0.21354651732378876,-0.006335614026681296,-0.20781033142688055,2025,Department of Transportation | Federal Highway Administration
Component,Department of Transportation,National Highway Traffic Safety Administration,0.03920782746380805,0.029748099251194936,0.8122819150489132,0.8422199461806431,0.0011738051592189791,7.622047617265596e-05,-0.0002832056377269148,0.0009668199976647202,0.09668199976647202,0.11738051592189791,0.007622047617265596,2025,Department of Transportation | National Highway Traffic Safety Administration
Component,Department of Transportation,Federal Transit Administration,0.016841649967997002,0.013214729749383564,0.9771460697267569,0.9677287243546072,-0.00015860363438548113,-0.0005687257185198492,3.4155960335915324e-05,-0.000693173392569415,-0.0693173392569415,-0.015860363438548113,-0.05687257185198492,2025,Department of Transportation | Federal Transit Administration
Component,Department of Transportation,Federal Motor Carrier Safety Administration,0.014352091342286108,0.012374881310443316,0.9335292316942568,0.9268749532767065,-9.550281166568476e-05,-0.00022380030932603323,1.3156906041855405e-05,-0.0003061462149498626,-0.03061462149498626,-0.009550281166568475,-0.022380030932603323,2025,Department of Transportation | Federal Motor Carrier Safety Administration
Component,Department of Transportation,Pipeline and Hazardous Materials Safety Administration,0.005363951882901744,0.00433296117377077,0.8329904116786689,0.7825215200708898,-0.00027071270616751085,-1.3043199915435689e-05,5.203295834775847e-05,-0.00023172294773518806,-0.023172294773518808,-0.027071270616751086,-0.0013043199915435688,2025,Department of Transportation | Pipeline and Hazardous Materials Safety Administration
Component,Department of Transportation,Federal Railroad Administration,0.012125601074565793,0.007347666749130476,0.9263082832451929,0.9700026675389988,0.0005298206731454635,-0.0005063129412569956,-0.00020876889854613698,-0.0001852611666576691,-0.01852611666576691,0.05298206731454635,-0.05063129412569956,2025,Department of Transportation | Federal Railroad Administration
Component,Department of Transportation,Immediate Office of the Secretary of Transportation,0.02740448789382542,0.027670514056265576,0.6839522155821306,0.6801952382835618,-0.00010295803889600646,-3.628252717430155e-05,-9.994542531130434e-07,-0.00014024002032342106,-0.014024002032342105,-0.010295803889600646,-0.003628252717430155,2025,Department of Transportation | Immediate Office of the Secretary of Transportation
Component,Department of Transportation,Saint Lawrence Seaway Development Corporation,0.0008337354060083238,0.0011654845897672472,0.8255685137739586,0.8701968609942093,3.720823318915623e-05,1.7347942597453012e-06,1.4805417762828015e-05,5.3748445211729544e-05,0.005374844521172955,0.003720823318915623,0.00017347942597453013,2025,Department of Transportation | Saint Lawrence Seaway Development Corporation
Component,Department of the Interior,Bureau of Land Management,0.07847723535914959,0.10210086866823422,0.8556831920158321,0.6541962559197636,-0.0158121377058051,-0.001176333639883436,-0.004759853494904489,-0.021748324840593025,-2.1748324840593023,-1.5812137705805098,-0.1176333639883436,2025,Department of the Interior | Bureau of Land Management
Component,Department of the Interior,National Park Service,0.1586467609018653,0.22807437059695557,0.8860664136985773,0.9274024850701894,0.0065578338315145845,-0.0013476981427890976,0.00286986462951668,0.008080000318242166,0.8080000318242165,0.6557833831514585,-0.13476981427890977,2025,Department of the Interior | National Park Service
Component,Department of the Interior,Bureau of Indian Affairs and Bureau of Indian Education,0.07461427581799478,0.055742219445784,0.9040163425950444,0.8128807204724827,-0.006800018445897362,2.758396597119919e-05,0.0017199165982134828,-0.00505251788171268,-0.5052517881712679,-0.6800018445897362,0.0027583965971199192,2025,Department of the Interior | Bureau of Indian Affairs and Bureau of Indian Education
Component,Department of the Interior,U.S. Geological Survey,0.0744825614443216,0.05693272394090825,0.923847837469777,0.8791368598310961,-0.0033301881392087326,-0.00032238814145058226,0.000784670392177596,-0.002867905888481719,-0.28679058884817193,-0.3330188139208733,-0.03223881414505823,2025,Department of the Interior | U.S. Geological Survey
Component,Department of the Interior,Bureau of Reclamation,0.13253312147371094,0.1628669035293339,0.9486185559589904,0.9574373503507149,0.0011687823483701046,0.001308617049952694,0.0002675073870719211,0.00274490678539472,0.27449067853947196,0.11687823483701046,0.13086170499526942,2025,Department of the Interior | Bureau of Reclamation
Component,Department of the Interior,Departmental Offices,0.41413558238917125,0.3334368916586696,0.910212663283576,0.9032545627960951,-0.0028815969977052836,-0.0003820833301030655,0.000561509599310975,-0.0027021707284973742,-0.27021707284973745,-0.28815969977052835,-0.03820833301030655,2025,Department of the Interior | Departmental Offices
Component,Department of the Interior,Bureau of Safety and Environmental Enforcement,0.01088726746215214,0.011019972525665526,0.877162963455202,0.9549367254056833,0.0008467437478926419,-3.7575451018666113e-06,1.032097201931358e-05,0.0008533071748100888,0.08533071748100889,0.08467437478926419,-0.00037575451018666115,2025,Department of the Interior | Bureau of Safety and Environmental Enforcement
Component,Department of the Interior,Bureau of Ocean Energy Management,0.004635550634980522,0.0014153300582969589,0.6896415342838054,0.7095554493519802,9.231196163922615e-05,0.0006950409402260504,-6.412719906486553e-05,0.000723225702800411,0.0723225702800411,0.009231196163922616,0.06950409402260505,2025,Department of the Interior | Bureau of Ocean Energy Management
Component,Department of the Interior,U.S. Fish and Wildlife Service,0.05036950370617819,0.04782272210751856,0.8952778943936744,0.8885350492372691,-0.0003396337640957439,2.5977371767171486e-05,1.7172553966944288e-05,-0.00029648383836162817,-0.029648383836162816,-0.03396337640957439,0.0025977371767171484,2025,Department of the Interior | U.S. Fish and Wildlife Service
Component,Department of the Interior,"Office of Surface Mining, Reclamation and Enforcement",0.0008685247971100953,0.0004760792059772939,0.77688671083159,0.7416294040500346,-3.062184521909876e-05,5.0465073783351125e-05,1.3836574601638024e-05,3.367980316589039e-05,0.003367980316589039,-0.0030621845219098763,0.005046507378335113,2025,"Department of the Interior | Office of Surface Mining, Reclamation and Enforcement"
Component,Department of the Interior,Office of the Inspector General,0.0003496160133657787,0.00011191826265602481,0.8598650212486849,0.8276078238375683,-1.1277632761227523e-05,1.0842095966172646e-05,7.667463268822926e-06,7.231926473768049e-06,0.0007231926473768048,-0.0011277632761227522,0.0010842095966172647,2025,Department of the Interior | Office of the Inspector General
Component,Department of the Treasury,Departmental Offices,0.0164850022918329,0.07719945787520856,0.8862942527724805,0.9380849306762159,0.0008537694439386571,0.0007266632888107645,0.003144442813219256,0.004724875545968678,0.4724875545968678,0.08537694439386571,0.07266632888107645,2025,Department of the Treasury | Departmental Offices
Component,Department of the Treasury,Internal Revenue Service,0.4970392111830936,0.4584282566205691,0.8547839977162102,0.8585596023808029,0.0018766235642283652,0.0007545243366069807,-0.0001457797001506444,0.0024853682006847014,0.24853682006847014,0.18766235642283652,0.07545243366069807,2025,Department of the Treasury | Internal Revenue Service
Component,Department of the Treasury,Bureau of the Fiscal Service,0.07373556663329531,0.06744872527062871,0.8446725803276092,0.8244961964945499,-0.0014877170945414868,0.000186424550088553,0.0001268457244307148,-0.001174446820022219,-0.1174446820022219,-0.14877170945414867,0.0186424550088553,2025,Department of the Treasury | Bureau of the Fiscal Service
Component,Department of the Treasury,United States Mint,0.2937129509479022,0.29375039498012845,0.9890716289452922,0.9906674896418495,0.0004687249544876077,4.296549720461882e-06,5.97554593505354e-08,0.00047308125966742014,0.04730812596674201,0.04687249544876077,0.00042965497204618824,2025,Department of the Treasury | United States Mint
Component,Department of the Treasury,Office of the Comptroller of the Currency,0.021988714347261584,0.024245477583247313,0.94114387955086,0.9454642164761472,9.4998654534067e-05,0.00015079277851172496,9.749977540059813e-06,0.0002555414105858518,0.02555414105858518,0.0094998654534067,0.015079277851172496,2025,Department of the Treasury | Office of the Comptroller of the Currency
Component,Department of the Treasury,Bureau of Engraving and Printing,0.09591873049975036,0.07779249974578138,0.6300324655635116,0.5714441187058396,-0.005619719852666937,0.004428115800824115,0.001061985894635736,-0.00012961815720708542,-0.012961815720708543,-0.5619719852666937,0.4428115800824115,2025,Department of the Treasury | Bureau of Engraving and Printing
Component,Department of the Treasury,Office of Inspector General,0.0011198240968641514,0.0011351879244365052,0.8411779461546376,0.8167063101238035,-2.740392771701706e-05,-5.092765963888152e-07,-3.75977996391135e-07,-2.8289182309797012e-05,-0.0028289182309797012,-0.002740392771701706,-5.092765963888152e-05,2025,Department of the Treasury | Office of Inspector General
Component,General Services Administration,Federal Acquisition Service,0.8363245079607086,0.8411639785794266,0.8948898468833276,0.9261769876075077,0.02616620257164732,1.7235839690937726e-05,0.00015141319827836577,0.026334851609616624,2.6334851609616625,2.616620257164732,0.0017235839690937726,2025,General Services Administration | Federal Acquisition Service
Component,General Services Administration,Public Buildings Service,0.15032742696816354,0.14879516635047388,0.8633291362774151,0.8845644540834912,0.003192250686638635,4.29020671316262e-05,-3.2538041178374207e-05,0.0032026147125918873,0.32026147125918875,0.3192250686638635,0.0042902067131626205,2025,General Services Administration | Public Buildings Service
Component,General Services Administration,Office of Administrative Services,0.013214625559263745,0.009886675071011894,0.9854074789322271,0.9819931711472625,-4.51187989223871e-05,-0.00031309073819153006,1.1362647260015219e-05,-0.00034684688985390193,-0.03468468898539019,-0.00451187989223871,-0.03130907381915301,2025,General Services Administration | Office of Administrative Services
Component,General Services Administration,Office of Inspector General,0.00013343951186416898,0.0001541799990875815,0.7957464715733678,0.7496673676255233,-6.148773137938661e-06,-1.9824143847329333e-06,-9.557030666965644e-07,-9.08689058936816e-06,-0.0009086890589368159,-0.0006148773137938661,-0.00019824143847329333,2025,General Services Administration | Office of Inspector General
