agency_name,competition_raw,pricing_risk_raw,vendor_diversity_raw,spend_discipline_raw,stability_raw,competition_score,pricing_risk_score,vendor_diversity_score,spend_discipline_score,stability_score,efficiency_index,dimensions_available,weight_coverage,rank,quartile,obligations,obligations_real,competed_share,government_risk_share,september_share,vendor_hhi,hhi_normalized,vendor_cr4,setaside_share,fiscal_year
Department of Agriculture,0.890917094101193,0.9816338201504197,1.00610405114634,0.7908588579389295,-11.859877975597565,76.03113460221286,99.65312266995426,100.0,70.82669462075884,57.828755408812604,84.12950078214752,5,1.0,1.0,Q1 (highest),9569572358.2,9569572358.2,0.890917094101193,0.018366179849580378,0.2091411420610705,39.569893651233635,-0.006104051146340037,0.07434250682376536,0.252396144311543,2025
Department of the Treasury,0.8809551974649414,0.9139334244245776,0.9726426544451371,0.8430105217087046,-7.914902742698776,72.9264374387717,92.16580827842606,73.81204774656067,88.96252735854888,79.21833691913528,80.94800564624603,5,1.0,2.0,Q1 (highest),8556933934.18,8556933934.18,0.8809551974649414,0.08606657557542245,0.15698947829129536,370.83772099314274,0.0273573455548629,0.2844732493290271,0.1440292882766196,2025
Department of Labor,0.9660001081245613,0.7937924482829259,0.9750791526820799,0.766624907004093,-14.391515613841404,99.43129916652602,78.87883631861119,75.92708774992153,62.3992955895371,44.10226375273517,78.50463709329898,5,1.0,3.0,Q1 (highest),1754211419.51,1754211419.51,0.9660001081245613,0.20620755171707408,0.233375092995907,346.7163884474085,0.02492084731792005,0.30835136818405395,0.30266291751099467,2025
Department of Veterans Affairs,0.9222240355411091,0.9844764087037382,0.8854341324682192,0.8705652224858977,-4.401057870032418,85.78816941532446,99.96749829444312,0.0,98.54472298400559,98.27033772556332,75.33706761836528,5,1.0,4.0,Q1 (highest),78313337208.43,78313337208.43,0.9222240355411091,0.015523591296261808,0.1294347775141022,1234.2020885646298,0.11456586753178079,0.594422438522375,0.09113186618041044,2025
Department of Justice,0.8526343732987139,0.6622193523935418,1.0005712315302397,0.8172750017466941,-7.765850110205163,64.10004767929236,64.32753091147796,98.05588132554895,80.01295505896715,80.0264974889312,74.92766630450518,5,1.0,5.0,Q1 (highest),8531620050.47,8531620050.47,0.8526343732987139,0.3377806476064582,0.18272499825330585,94.3448078506255,-0.0005712315302398487,0.12457198620342348,0.1253525612255886,2025
Department of the Interior,0.8859779500546519,0.7847911124595728,1.0024449172577998,0.7891673761867704,-17.8184258572222,74.49181462419573,77.88333502898661,99.68236321969897,70.23847886849437,25.52162087110881,74.84278470583021,5,1.0,6.0,Q2,6554582845.32,6554582845.32,0.8859779500546519,0.21520888754042727,0.21083262381322965,75.79531914778062,-0.0024449172577999377,0.1357222562523838,0.21917809487079007,2025
General Services Administration,0.9205094913612183,0.4499391342186241,0.9873348978693336,0.8216689170547282,-10.916036385448011,85.25381931651592,40.85043427803674,86.56587703735555,81.54094683008886,62.94624675754837,71.62769647220323,5,1.0,7.0,Q2,23810677070.15,23810677070.15,0.9205094913612183,0.5500608657813759,0.17833108294527175,225.38451109359738,0.012665102130666402,0.22452541751078905,0.05743419716419617,2025
Department of Transportation,0.8147057949081218,0.64153885720117,0.9938306958037412,0.7890433913458825,-4.530140140182382,52.2793318013432,62.04037486729741,92.20465496738179,70.19536292215966,97.57045608476494,69.92117429750411,5,1.0,8.0,Q2,9022525885.22,9022525885.22,0.8147057949081218,0.35846114279882996,0.21095660865411744,161.07611154296217,0.006169304196258803,0.15774445854807279,0.11791054294593024,2025
Department of Education,0.91020348019256,0.9874152172175834,0.926118562145712,0.7148419157615669,-10.256612278865072,82.0418763692976,100.0,33.42608938986382,44.39166937107732,66.52163186009646,69.60869438043329,5,1.0,9.0,Q2,2502613339.39,2502613339.39,0.91020348019256,0.012584782782416629,0.2851580842384331,831.4262347574515,0.07388143785428804,0.49558063344388004,0.046217471200801906,2025
Department of Homeland Security,0.9102773672547534,0.8016629655077117,0.9914413942795169,0.5736534394915318,-9.658259600743627,82.06490380682108,79.74927490695485,90.13058480094234,0.0,69.76588882624073,69.55949571159758,5,1.0,10.0,Q3,28336601669.43,28336601669.43,0.9102773672547534,0.1983370344922884,0.42634656050846825,184.73019663278234,0.008558605720483066,0.19555208664340393,0.11561822085265959,2025
Department of Energy,0.9695968011327054,0.032450079433369194,0.9580606131536363,0.9124133795169668,-1.2109651463205382,100.0,0.0,61.15388112260999,100.0,100.0,67.230776224522,5,1.0,11.0,Q3,48549337828.87,48549337828.87,0.9695968011327054,0.9675499205666308,0.08758662048303321,515.1999297790007,0.04193938684636371,0.35383094214057226,0.01608080855256788,2025
Department of Health and Human Services,0.8847774341941632,0.5080169367986792,1.0020571916028185,0.7156128968815856,-11.403509094009026,74.11766517024921,47.27353952614969,99.34579196420574,44.65977941064153,60.30317890077963,66.65212762712753,5,1.0,12.0,Q3,21290230376.02,21290230376.02,0.8847774341941632,0.4919830632013208,0.2843871031184145,79.63380313209623,-0.002057191602818562,0.12944817601570752,0.1353904736585971,2025
Environmental Protection Agency,0.9298542165642829,0.5377662408996318,0.9806104274000593,0.7836571277161054,-22.103938688745078,88.16617053741844,50.5636590349783,80.72859637435799,68.32228027799879,2.2856509063401997,65.71339232717554,5,1.0,13.0,Q3,1697433936.71,1697433936.71,0.9298542165642829,0.4622337591003683,0.21634287228389462,291.9567687394129,0.019389572599940695,0.28212159948220433,0.0927023074871418,2025
Social Security Administration,0.8368112688031423,0.9529554176861176,0.9653769730939679,0.588692492500652,-5.358212042487738,59.1686626792248,96.48143935562697,67.50496060141339,0.5229857116586152,93.08066580596682,64.75846520030234,5,1.0,14.0,Q3,1746308710.84,1746308710.84,0.8368112688031423,0.047044582313882415,0.41130750749934797,442.7679663697182,0.03462302690603213,0.32978151726276594,0.01602829764076263,2025
Department of Commerce,0.8345787105978861,0.6229051548137381,0.9995822488111452,0.7672875401488563,-18.103272792612785,58.47286976145326,59.979583544631375,97.19737957011894,62.62972743027362,23.97718614520926,63.76841045767958,5,1.0,15.0,Q4 (lowest),4158787229.18,4158787229.18,0.8345787105978861,0.3770948451862619,0.23271245985114375,104.1357367696623,0.0004177511888547778,0.13991240421903675,0.23217360656856265,2025
Department of Defense,0.5273240697137037,0.6960284661392987,1.0000557927949174,0.8121997781480804,-5.512785490520337,0.0,68.06664441590307,97.6084467540976,78.24803713232782,92.24257147816152,57.49981317246062,5,1.0,16.0,Q4 (lowest),491685487925.19,491685487925.19,0.5273240697137037,0.3039715338607013,0.18780022185191955,99.44765133031814,-5.579279491735957e-05,0.15579336971073043,0.06207539775779158,2025
Department of State,0.7338603309552795,0.6625697524373735,0.9968646399716458,0.6906791067113722,-14.361832139791916,27.08325802377789,64.36628334804566,94.83831715756388,35.98901005527887,44.263206990704376,53.00888388301983,5,1.0,17.0,Q4 (lowest),9865475459.76,9865475459.76,0.7338603309552795,0.3374302475626265,0.30932089328862783,131.0400642807073,0.0031353600283542723,0.15762365710327658,0.10136917754537991,2025
Agency for International Development,0.9676279908750254,0.08591551045200052,0.8878541489051048,0.8612459988601593,-26.31946586594262,99.93864060383714,0.5913000756098274,0.21007327217387786,95.30394658867213,0.0,44.467023842789196,5,1.0,18.0,Q4 (lowest),4099062195.34,4099062195.34,0.9676279908750254,0.9140844895479995,0.1387540011398407,1210.2439258394616,0.11214585109489511,0.5461542301248998,0.04213016515248941,2025
National Aeronautics and Space Administration,0.6602523779674007,0.3319353450979189,0.9646565847421591,0.7906064464239397,-5.463529358953891,4.142806903601598,27.79982417353687,66.87961634344153,70.73891807278225,92.50963729703852,41.4305228237742,5,1.0,19.0,Q4 (lowest),15782680383.9,15782680383.9,0.6602523779674007,0.6680646549020811,0.20939355357606027,449.8998110526246,0.03534341525784087,0.35778272664510785,0.09366104120615297,2025
